wick_threshold,direction,exit_type,risk_profile,total_trades,winning_trades,losing_trades,win_rate,total_pnl,total_return_pct,max_drawdown_pct,sharpe_ratio,sortino_ratio,profit_factor,expectancy,avg_win,avg_loss,final_balance
1.5,long,fixed_10,conservative,98,20,78,20.41,-3516.74,-35.17,58.15,-1.008,-5.347,0.81,-35.89,765.58,241.39,6008.14
1.5,long,fixed_10,moderate,98,20,78,20.41,-5601.79,-56.02,78.81,-1.008,-5.347,0.79,-57.16,1049.83,341.01,3739.15
1.5,long,fixed_10,aggressive,98,20,78,20.41,-8452.75,-84.53,97.21,-1.008,-5.347,0.75,-86.25,1295.23,440.48,741.02
1.5,long,fixed_10,degen,98,20,78,20.41,-9096.49,-90.96,99.77,-1.008,-5.347,0.75,-92.82,1399.22,475.39,82.06
1.5,long,fixed_12,conservative,96,19,77,19.79,-1909.63,-19.1,52.89,-0.176,-1.023,0.92,-19.89,1084.0,292.28,7536.92
1.5,long,fixed_12,moderate,96,19,77,19.79,-3880.21,-38.8,74.73,-0.176,-1.023,0.89,-40.42,1608.23,447.23,5284.28
1.5,long,fixed_12,aggressive,96,19,77,19.79,-7574.95,-75.75,96.36,-0.176,-1.023,0.84,-78.91,2150.2,628.95,1297.39
1.5,long,fixed_12,degen,96,19,77,19.79,-8714.01,-87.14,99.68,-0.176,-1.023,0.83,-90.77,2222.96,661.69,162.69
1.5,long,fixed_15,conservative,78,13,65,16.67,-3882.53,-38.83,58.19,-0.856,-2.06,0.8,-49.78,1218.82,303.5,5708.62
1.5,long,fixed_15,moderate,78,13,65,16.67,-6295.94,-62.96,80.67,-0.856,-2.06,0.78,-80.72,1676.5,432.16,3122.84
1.5,long,fixed_15,aggressive,78,13,65,16.67,-9100.26,-91.0,99.07,-0.856,-2.06,0.72,-116.67,1799.89,499.98,219.42
1.5,long,fixed_15,degen,71,13,58,18.31,-9522.86,-95.23,100.44,-0.262,-0.624,0.68,-134.12,1528.76,506.84,-141.31
1.5,long,fixed_20,conservative,71,9,62,12.68,-3695.66,-36.96,53.76,-0.699,-1.932,0.79,-52.05,1560.2,286.09,5941.99
1.5,long,fixed_20,moderate,71,9,62,12.68,-6184.19,-61.84,77.02,-0.699,-1.932,0.75,-87.1,2071.84,400.5,3311.76
1.5,long,fixed_20,aggressive,71,9,62,12.68,-9195.36,-91.95,98.67,-0.699,-1.932,0.66,-129.51,1982.53,436.1,250.23
1.5,long,fixed_20,degen,64,9,55,14.06,-9732.19,-97.32,100.84,-0.104,-0.286,0.56,-152.07,1385.69,403.7,-192.98
1.5,long,time_20,conservative,94,24,70,25.53,-3572.4,-35.72,59.53,-1.068,-5.915,0.77,-38.0,495.57,220.95,6010.55
1.5,long,time_20,moderate,94,24,70,25.53,-5677.94,-56.78,79.86,-1.068,-5.915,0.72,-60.4,621.17,294.09,3779.79
1.5,long,time_20,aggressive,94,24,70,25.53,-8640.83,-86.41,97.4,-1.068,-5.915,0.62,-91.92,578.47,321.77,807.36
1.5,long,time_20,degen,94,24,70,25.53,-9437.48,-94.37,99.78,-1.068,-5.915,0.53,-100.4,451.36,289.57,104.35
1.5,long,time_30,conservative,86,20,66,23.26,-2000.66,-20.01,53.23,-0.088,-0.536,0.89,-23.26,817.93,278.17,7530.98
1.5,long,time_30,moderate,86,20,66,23.26,-4136.48,-41.36,74.68,-0.088,-0.536,0.85,-48.1,1131.41,405.53,5200.63
1.5,long,time_30,aggressive,86,20,66,23.26,-7976.08,-79.76,96.09,-0.088,-0.536,0.76,-92.75,1295.17,513.33,1262.49
1.5,long,time_30,degen,86,20,66,23.26,-9157.74,-91.58,99.63,-0.088,-0.536,0.73,-106.49,1217.68,507.75,169.15
1.5,long,time_40,conservative,78,14,64,17.95,-105.16,-1.05,48.19,0.527,5.258,0.99,-1.35,1418.1,311.85,9392.77
1.5,long,time_40,moderate,78,14,64,17.95,-1893.29,-18.93,68.87,0.527,5.258,0.94,-24.27,2096.74,488.24,7328.75
1.5,long,time_40,aggressive,78,14,64,17.95,-6646.82,-66.47,94.11,0.527,5.258,0.84,-85.22,2540.2,659.52,2333.67
1.5,long,time_40,degen,78,14,64,17.95,-8696.67,-86.97,99.28,0.527,5.258,0.77,-111.5,2113.13,598.13,410.22
1.5,long,rr_2,conservative,92,32,60,34.78,-3857.14,-38.57,61.05,-1.212,-2.084,0.8,-41.93,475.56,317.92,5657.03
1.5,long,rr_2,moderate,92,32,60,34.78,-6008.09,-60.08,81.95,-1.212,-2.084,0.79,-65.31,695.75,471.2,3273.76
1.5,long,rr_2,aggressive,92,32,60,34.78,-8680.55,-86.81,98.97,-1.212,-2.084,0.78,-94.35,980.5,667.61,308.25
1.5,long,rr_2,degen,84,28,56,33.33,-8985.77,-89.86,100.38,-1.494,-2.532,0.8,-106.97,1255.81,788.36,-83.73
1.5,long,rr_3,conservative,77,21,56,27.27,-3498.67,-34.99,52.62,-0.844,-1.74,0.81,-45.44,722.14,333.28,6091.29
1.5,long,rr_3,moderate,77,21,56,27.27,-5822.25,-58.22,75.59,-0.844,-1.74,0.79,-75.61,1015.09,484.63,3588.08
1.5,long,rr_3,aggressive,77,21,56,27.27,-8975.27,-89.75,98.24,-0.844,-1.74,0.73,-116.56,1164.48,596.95,328.27
1.5,long,rr_3,degen,69,19,50,27.54,-9561.62,-95.62,100.77,-0.734,-1.484,0.68,-138.57,1088.23,604.76,-141.54
1.5,short,fixed_10,conservative,77,16,61,20.78,-3356.14,-33.56,61.95,-1.269,-6.585,0.76,-43.59,653.51,226.43,6297.35
1.5,short,fixed_10,moderate,77,16,61,20.78,-5359.73,-53.6,81.0,-1.269,-6.585,0.72,-69.61,854.99,312.12,4166.1
1.5,short,fixed_10,aggressive,77,16,61,20.78,-8351.31,-83.51,97.21,-1.269,-6.585,0.65,-108.46,983.87,394.97,1056.89
1.5,short,fixed_10,degen,77,16,61,20.78,-9243.3,-92.43,99.73,-1.269,-6.585,0.61,-120.04,921.69,393.28,169.69
1.5,short,fixed_12,conservative,75,13,62,17.33,-4436.09,-44.36,61.92,-1.843,-9.128,0.68,-59.15,714.98,221.46,5251.38
1.5,short,fixed_12,moderate,75,13,62,17.33,-6558.92,-65.59,81.85,-1.843,-9.128,0.64,-87.45,879.7,290.24,3036.48
1.5,short,fixed_12,aggressive,75,13,62,17.33,-9028.11,-90.28,97.92,-1.843,-9.128,0.55,-120.37,845.06,322.8,529.46
1.5,short,fixed_12,degen,75,13,62,17.33,-9550.08,-95.5,99.85,-1.843,-9.128,0.46,-127.33,629.79,286.09,55.6
1.5,short,fixed_15,conservative,69,10,59,14.49,-3405.36,-34.05,53.11,-1.084,-6.928,0.76,-49.35,1067.36,238.63,6267.41
1.5,short,fixed_15,moderate,69,10,59,14.49,-5519.87,-55.2,73.77,-1.084,-6.928,0.72,-80.0,1390.82,329.29,4030.39
1.5,short,fixed_15,aggressive,69,10,59,14.49,-8570.93,-85.71,95.59,-1.084,-6.928,0.62,-124.22,1426.41,387.03,904.78
1.5,short,fixed_15,degen,69,10,59,14.49,-9418.87,-94.19,99.53,-1.084,-6.928,0.53,-136.51,1060.66,339.42,123.86
1.5,short,fixed_20,conservative,66,7,59,10.61,-4908.54,-49.09,63.51,-1.874,-12.061,0.59,-74.37,1019.16,204.11,4839.28
1.5,short,fixed_20,moderate,66,7,59,10.61,-7109.57,-71.1,83.44,-1.874,-12.061,0.52,-107.72,1096.17,250.56,2582.56
1.5,short,fixed_20,aggressive,66,7,59,10.61,-9342.21,-93.42,98.37,-1.874,-12.061,0.36,-141.55,739.17,246.04,354.22
1.5,short,fixed_20,degen,66,7,59,10.61,-9703.91,-97.04,99.9,-1.874,-12.061,0.22,-147.03,386.18,210.29,28.9
1.5,short,time_20,conservative,81,18,63,22.22,-6049.39,-60.49,72.6,-4.403,-16.818,0.43,-74.68,248.95,167.15,3688.26
1.5,short,time_20,moderate,81,18,63,22.22,-7930.52,-79.31,89.12,-4.403,-16.818,0.37,-97.91,260.56,200.33,1766.09
1.5,short,time_20,aggressive,81,18,63,22.22,-9487.26,-94.87,99.12,-4.403,-16.818,0.26,-117.13,180.74,202.23,220.13
1.5,short,time_20,degen,81,18,63,22.22,-9714.23,-97.14,99.95,-4.403,-16.818,0.16,-119.93,100.6,182.94,19.45
1.5,short,time_30,conservative,75,13,62,17.33,-6201.09,-62.01,73.42,-4.711,-18.542,0.37,-82.68,277.45,158.19,3565.65
1.5,short,time_30,moderate,75,13,62,17.33,-8069.81,-80.7,89.58,-4.711,-18.542,0.29,-107.6,255.97,183.83,1666.5
1.5,short,time_30,aggressive,75,13,62,17.33,-9557.35,-95.57,99.17,-4.711,-18.542,0.14,-127.43,124.42,180.24,194.73
1.5,short,time_30,degen,75,13,62,17.33,-9753.16,-97.53,99.95,-4.711,-18.542,0.06,-130.04,49.04,167.59,16.08
1.5,short,time_40,conservative,71,12,59,16.9,-4841.61,-48.42,65.15,-2.431,-11.508,0.55,-68.19,496.92,183.13,4904.77
1.5,short,time_40,moderate,71,12,59,16.9,-6936.18,-69.36,83.77,-2.431,-11.508,0.47,-97.69,520.45,223.42,2762.72
1.5,short,time_40,aggressive,71,12,59,16.9,-9231.64,-92.32,98.05,-2.431,-11.508,0.3,-130.02,323.59,222.28,482.14
1.5,short,time_40,degen,71,12,59,16.9,-9691.95,-96.92,99.83,-2.431,-11.508,0.16,-136.51,155.69,195.94,55.58
1.5,short,rr_2,conservative,85,27,58,31.76,-4200.52,-42.01,58.9,-1.99,-4.417,0.7,-49.42,360.62,240.3,5424.16
1.5,short,rr_2,moderate,85,27,58,31.76,-6215.8,-62.16,78.43,-1.99,-4.417,0.68,-73.13,480.42,330.81,3272.47
1.5,short,rr_2,aggressive,85,27,58,31.76,-8710.59,-87.11,96.81,-1.99,-4.417,0.65,-102.48,594.34,426.86,631.69
1.5,short,rr_2,degen,85,27,58,31.76,-9244.79,-92.45,99.77,-1.99,-4.417,0.64,-108.76,615.24,445.8,53.16
1.5,short,rr_3,conservative,77,16,61,20.78,-5674.26,-56.74,70.24,-2.993,-7.738,0.5,-73.69,361.29,187.79,4066.81
1.5,short,rr_3,moderate,77,16,61,20.78,-7703.7,-77.04,87.97,-2.993,-7.738,0.44,-100.05,372.93,224.11,1991.22
1.5,short,rr_3,aggressive,77,16,61,20.78,-9464.1,-94.64,99.14,-2.993,-7.738,0.33,-122.91,290.35,231.31,218.44
1.5,short,rr_3,degen,77,16,61,20.78,-9668.04,-96.68,99.97,-2.993,-7.738,0.29,-125.56,250.49,224.19,9.96
1.5,both,fixed_10,conservative,116,21,95,18.1,-5697.59,-56.98,71.32,-2.091,-8.758,0.75,-49.12,821.62,241.6,3742.37
1.5,both,fixed_10,moderate,116,21,95,18.1,-7541.33,-75.41,89.01,-2.091,-8.758,0.77,-65.01,1201.94,345.07,1665.76
1.5,both,fixed_10,aggressive,116,21,95,18.1,-8827.85,-88.28,99.35,-2.091,-8.758,0.8,-76.1,1692.17,466.98,132.61
1.5,both,fixed_10,degen,116,21,95,18.1,-8958.05,-89.58,99.98,-2.091,-8.758,0.81,-77.22,1769.78,485.51,5.22
1.5,both,fixed_12,conservative,112,19,93,16.96,-5119.45,-51.19,70.4,-1.493,-6.92,0.79,-45.71,999.05,259.15,4321.0
1.5,both,fixed_12,moderate,112,19,93,16.96,-7143.59,-71.44,88.43,-1.493,-6.92,0.79,-63.78,1456.09,374.29,2059.38
1.5,both,fixed_12,aggressive,112,19,93,16.96,-8763.0,-87.63,99.31,-1.493,-6.92,0.82,-78.24,2055.98,514.26,181.23
1.5,both,fixed_12,degen,112,19,93,16.96,-8895.5,-88.96,99.98,-1.493,-6.92,0.83,-79.42,2249.24,555.17,7.32
1.5,both,fixed_15,conservative,107,15,92,14.02,-4505.59,-45.06,62.12,-1.071,-5.909,0.81,-42.11,1299.4,260.83,4921.38
1.5,both,fixed_15,moderate,107,15,92,14.02,-6669.49,-66.69,83.32,-1.071,-5.909,0.81,-62.33,1836.24,371.88,2518.64
1.5,both,fixed_15,aggressive,107,15,92,14.02,-8815.37,-88.15,98.73,-1.071,-5.909,0.78,-82.39,2073.02,433.81,260.46
1.5,both,fixed_15,degen,107,15,92,14.02,-9213.09,-92.13,99.95,-1.071,-5.909,0.73,-86.1,1703.36,377.86,12.57
1.5,both,fixed_20,conservative,96,9,87,9.38,-5891.28,-58.91,67.47,-1.833,-11.758,0.68,-61.37,1398.98,212.44,3690.52
1.5,both,fixed_20,moderate,96,9,87,9.38,-7905.44,-79.05,86.99,-1.833,-11.758,0.66,-82.35,1740.37,270.91,1565.44
1.5,both,fixed_20,aggressive,96,9,87,9.38,-9381.68,-93.82,99.19,-1.833,-11.758,0.6,-97.73,1543.82,267.54,105.79
1.5,both,fixed_20,degen,96,9,87,9.38,-9570.05,-95.7,99.97,-1.833,-11.758,0.51,-99.69,1103.26,224.13,3.63
1.5,both,time_20,conservative,117,21,96,17.95,-6709.83,-67.1,77.66,-2.941,-15.9,0.57,-57.35,425.58,162.99,2878.65
1.5,both,time_20,moderate,117,21,96,17.95,-8420.03,-84.2,92.59,-2.941,-15.9,0.55,-71.97,488.95,194.67,1097.85
1.5,both,time_20,aggressive,117,21,96,17.95,-9481.81,-94.82,99.66,-2.941,-15.9,0.48,-81.04,424.85,191.7,65.47
1.5,both,time_20,degen,117,21,96,17.95,-9594.57,-95.95,99.99,-2.941,-15.9,0.43,-82.0,349.7,176.44,2.29
1.5,both,time_30,conservative,96,22,74,22.92,-1147.98,-11.48,50.51,0.201,1.361,0.95,-11.96,901.22,283.44,8312.09
1.5,both,time_30,moderate,96,22,74,22.92,-3196.07,-31.96,72.46,0.201,1.361,0.9,-33.29,1261.09,418.11,6023.52
1.5,both,time_30,aggressive,96,22,74,22.92,-7506.07,-75.06,95.63,0.201,1.361,0.81,-78.19,1435.19,528.11,1565.05
1.5,both,time_30,degen,96,22,74,22.92,-9000.11,-90.0,99.57,0.201,1.361,0.75,-93.75,1208.16,480.81,210.84
1.5,both,time_40,conservative,95,18,77,18.95,-1112.77,-11.13,57.09,0.224,1.9,0.95,-11.71,1132.83,279.27,8336.97
1.5,both,time_40,moderate,95,18,77,18.95,-3173.53,-31.74,77.86,0.224,1.9,0.9,-33.41,1611.58,417.95,6017.69
1.5,both,time_40,aggressive,95,18,77,18.95,-7456.2,-74.56,97.01,0.224,1.9,0.82,-78.49,1908.43,542.96,1540.31
1.5,both,time_40,degen,95,18,77,18.95,-8902.39,-89.02,99.75,0.224,1.9,0.77,-93.71,1653.23,502.08,206.27
1.5,both,rr_2,conservative,130,36,94,27.69,-5880.4,-58.8,76.38,-2.308,-6.096,0.72,-45.23,420.1,223.45,3552.38
1.5,both,rr_2,moderate,130,36,94,27.69,-7647.8,-76.48,91.82,-2.308,-6.096,0.74,-58.83,617.07,317.68,1547.27
1.5,both,rr_2,aggressive,130,36,94,27.69,-8665.18,-86.65,99.61,-2.308,-6.096,0.81,-66.66,1008.34,478.36,114.67
1.5,both,rr_2,degen,130,36,94,27.69,-8526.41,-85.26,99.99,-2.308,-6.096,0.84,-65.59,1260.73,573.54,3.05
1.5,both,rr_3,conservative,119,24,95,20.17,-6070.45,-60.7,70.62,-2.234,-10.84,0.69,-51.01,563.24,206.19,3437.23
1.5,both,rr_3,moderate,119,24,95,20.17,-7907.24,-79.07,88.22,-2.234,-10.84,0.69,-66.45,745.77,271.64,1447.04
1.5,both,rr_3,aggressive,119,24,95,20.17,-9138.41,-91.38,99.27,-2.234,-10.84,0.7,-76.79,909.17,325.88,102.45
1.5,both,rr_3,degen,119,24,95,20.17,-9278.18,-92.78,99.97,-2.234,-10.84,0.69,-77.97,875.16,318.76,3.77
2.0,long,fixed_10,conservative,59,11,48,18.64,-4338.39,-43.38,60.31,-2.609,-14.515,0.61,-73.53,626.29,233.91,5417.08
2.0,long,fixed_10,moderate,59,11,48,18.64,-6369.02,-63.69,79.65,-2.609,-14.515,0.58,-107.95,784.69,312.51,3311.87
2.0,long,fixed_10,aggressive,59,11,48,18.64,-8891.53,-88.92,96.8,-2.609,-14.515,0.52,-150.7,883.17,387.63,735.62
2.0,long,fixed_10,degen,59,11,48,18.64,-9507.53,-95.08,99.61,-2.609,-14.515,0.52,-161.14,954.34,416.78,111.78
2.0,long,fixed_12,conservative,59,10,49,16.95,-4199.87,-42.0,56.94,-2.156,-12.255,0.66,-71.18,816.81,252.41,5538.63
2.0,long,fixed_12,moderate,59,10,49,16.95,-6267.65,-62.68,77.32,-2.156,-12.255,0.63,-106.23,1062.68,344.79,3381.16
2.0,long,fixed_12,aggressive,59,10,49,16.95,-8861.69,-88.62,96.48,-2.156,-12.255,0.58,-150.2,1248.71,435.69,715.76
2.0,long,fixed_12,degen,59,10,49,16.95,-9470.48,-94.7,99.62,-2.156,-12.255,0.59,-160.52,1348.27,468.43,98.46
2.0,long,fixed_15,conservative,51,5,46,9.8,-6923.8,-69.24,75.53,-5.252,-9.851,0.38,-135.76,863.71,244.4,2886.18
2.0,long,fixed_15,moderate,51,5,46,9.8,-8678.41,-86.78,91.62,-5.252,-9.851,0.37,-170.16,1026.39,300.23,1086.98
2.0,long,fixed_15,aggressive,51,5,46,9.8,-9706.36,-97.06,99.76,-5.252,-9.851,0.36,-190.32,1070.34,327.35,37.61
2.0,long,fixed_15,degen,47,5,42,10.64,-9749.19,-97.49,100.05,-4.78,-8.934,0.37,-207.43,1147.4,368.72,-9.99
2.0,long,fixed_20,conservative,47,3,44,6.38,-7081.66,-70.82,75.72,-5.752,-10.974,0.34,-150.67,1227.24,244.62,2738.66
2.0,long,fixed_20,moderate,47,3,44,6.38,-8771.89,-87.72,91.69,-5.752,-10.974,0.35,-186.64,1567.36,306.23,998.4
2.0,long,fixed_20,aggressive,47,3,44,6.38,-9685.84,-96.86,99.76,-5.752,-10.974,0.39,-206.08,2025.7,358.25,32.43
2.0,long,fixed_20,degen,43,3,40,6.98,-9693.48,-96.93,100.06,-5.287,-10.073,0.43,-225.43,2455.97,426.53,-8.36
2.0,long,time_20,conservative,61,16,45,26.23,-3829.69,-38.3,57.94,-1.807,-7.039,0.69,-62.78,536.05,275.7,5893.16
2.0,long,time_20,moderate,61,16,45,26.23,-5872.61,-58.73,77.67,-1.807,-7.039,0.66,-96.27,712.36,383.79,3753.85
2.0,long,time_20,aggressive,61,16,45,26.23,-8674.77,-86.75,96.34,-1.807,-7.039,0.61,-142.21,832.31,488.71,883.47
2.0,long,time_20,degen,61,16,45,26.23,-9430.54,-94.31,99.59,-1.807,-7.039,0.59,-154.6,841.22,508.67,130.62
2.0,long,time_30,conservative,56,15,41,26.79,-5171.89,-51.72,67.94,-4.427,-12.803,0.45,-92.36,280.21,228.66,4616.35
2.0,long,time_30,moderate,56,15,41,26.79,-7145.66,-71.46,85.24,-4.427,-12.803,0.41,-127.6,334.1,296.52,2587.87
2.0,long,time_30,aggressive,56,15,41,26.79,-9209.78,-92.1,98.13,-4.427,-12.803,0.37,-164.46,355.91,354.84,484.88
2.0,long,time_30,degen,56,15,41,26.79,-9615.94,-96.16,99.82,-4.427,-12.803,0.37,-171.71,377.85,372.77,63.23
2.0,long,time_40,conservative,53,11,42,20.75,-4549.14,-45.49,63.25,-2.854,-10.709,0.55,-85.83,497.0,238.48,5232.22
2.0,long,time_40,moderate,53,11,42,20.75,-6596.31,-65.96,81.88,-2.854,-10.709,0.51,-124.46,622.68,320.14,3120.39
2.0,long,time_40,aggressive,53,11,42,20.75,-9022.77,-90.23,97.41,-2.854,-10.709,0.46,-170.24,693.08,396.35,650.72
2.0,long,time_40,degen,53,11,42,20.75,-9573.4,-95.73,99.73,-2.854,-10.709,0.46,-180.63,728.37,418.7,90.96
2.0,long,rr_2,conservative,57,16,41,28.07,-4871.14,-48.71,64.24,-2.639,-4.417,0.64,-85.46,550.49,333.63,4851.89
2.0,long,rr_2,moderate,57,16,41,28.07,-7006.82,-70.07,84.08,-2.639,-4.417,0.64,-122.93,775.8,473.65,2599.31
2.0,long,rr_2,aggressive,57,16,41,28.07,-9257.42,-92.57,99.11,-2.639,-4.417,0.64,-162.41,1044.16,633.27,218.64
2.0,long,rr_2,degen,53,14,39,26.42,-9505.16,-95.05,100.3,-3.059,-5.045,0.66,-179.34,1320.59,717.78,-57.05
2.0,long,rr_3,conservative,55,10,45,18.18,-5303.24,-53.03,63.02,-2.667,-5.32,0.61,-96.42,814.71,298.9,4443.19
2.0,long,rr_3,moderate,55,10,45,18.18,-7456.31,-74.56,83.46,-2.667,-5.32,0.59,-135.57,1072.2,403.96,2198.52
2.0,long,rr_3,aggressive,55,10,45,18.18,-9440.89,-94.41,99.1,-2.667,-5.32,0.56,-171.65,1203.75,477.3,144.97
2.0,long,rr_3,degen,51,9,42,17.65,-9632.53,-96.33,100.29,-2.724,-5.349,0.54,-188.87,1274.41,502.43,-41.86
2.0,short,fixed_10,conservative,47,12,35,25.53,-574.33,-5.74,44.13,0.087,0.575,0.95,-12.22,901.12,325.36,9152.1
2.0,short,fixed_10,moderate,47,12,35,25.53,-1592.53,-15.93,63.48,0.087,0.575,0.91,-33.88,1387.7,521.28,7972.1
2.0,short,fixed_10,aggressive,47,12,35,25.53,-4885.92,-48.86,88.88,0.087,0.575,0.84,-103.96,2178.7,886.58,4384.1
2.0,short,fixed_10,degen,47,12,35,25.53,-7404.26,-74.04,97.17,0.087,0.575,0.8,-157.54,2524.9,1077.23,1719.42
2.0,short,fixed_12,conservative,45,10,35,22.22,-1155.2,-11.55,42.3,-0.205,-1.28,0.89,-25.67,943.46,302.57,8610.08
2.0,short,fixed_12,moderate,45,10,35,22.22,-2524.54,-25.25,61.83,-0.205,-1.28,0.84,-56.1,1329.48,451.98,7128.25
2.0,short,fixed_12,aggressive,45,10,35,22.22,-6148.7,-61.49,88.39,-0.205,-1.28,0.73,-136.64,1669.79,652.76,3360.4
2.0,short,fixed_12,degen,45,10,35,22.22,-8391.77,-83.92,97.52,-0.205,-1.28,0.65,-186.48,1584.51,692.48,1094.38
2.0,short,fixed_15,conservative,44,8,36,18.18,-1283.69,-12.84,37.68,-0.238,-1.854,0.89,-29.17,1307.54,326.22,8457.48
2.0,short,fixed_15,moderate,44,8,36,18.18,-2726.18,-27.26,57.1,-0.238,-1.854,0.85,-61.96,1988.35,517.58,6865.6
2.0,short,fixed_15,aggressive,44,8,36,18.18,-6307.47,-63.07,85.92,-0.238,-1.854,0.79,-143.35,2912.36,822.4,3049.74
2.0,short,fixed_15,degen,44,8,36,18.18,-8360.83,-83.61,96.39,-0.238,-1.854,0.74,-190.02,3009.52,901.03,938.68
2.0,short,fixed_20,conservative,38,5,33,13.16,-3591.14,-35.91,52.91,-1.839,-5.923,0.65,-94.5,1349.13,313.24,6222.54
2.0,short,fixed_20,moderate,38,5,33,13.16,-5683.69,-56.84,73.46,-1.839,-5.923,0.62,-149.57,1838.57,450.8,4051.37
2.0,short,fixed_20,aggressive,38,5,33,13.16,-8703.87,-87.04,95.2,-1.839,-5.923,0.57,-229.05,2292.07,611.04,941.4
2.0,short,fixed_20,degen,38,5,33,13.16,-9521.54,-95.22,99.56,-1.839,-5.923,0.55,-250.57,2344.43,643.75,99.32
2.0,short,time_20,conservative,47,11,36,23.4,-5496.35,-54.96,63.87,-8.805,-25.161,0.26,-116.94,175.86,206.41,4328.04
2.0,short,time_20,moderate,47,11,36,23.4,-7380.47,-73.8,82.16,-8.805,-25.161,0.23,-157.03,204.05,267.36,2397.82
2.0,short,time_20,aggressive,47,11,36,23.4,-9260.7,-92.61,97.24,-8.805,-25.161,0.19,-197.04,203.31,319.36,486.35
2.0,short,time_20,degen,47,11,36,23.4,-9665.76,-96.66,99.64,-8.805,-25.161,0.18,-205.65,189.27,326.32,82.06
2.0,short,time_30,conservative,45,11,34,24.44,-4483.64,-44.84,57.77,-4.808,-21.679,0.43,-99.64,308.17,231.57,5335.59
2.0,short,time_30,moderate,45,11,34,24.44,-6410.84,-64.11,77.1,-4.808,-21.679,0.38,-142.46,360.62,305.23,3355.36
2.0,short,time_30,aggressive,45,11,34,24.44,-8834.04,-88.34,95.65,-4.808,-21.679,0.28,-196.31,319.08,363.06,900.3
2.0,short,time_30,degen,45,11,34,24.44,-9555.33,-95.55,99.32,-4.808,-21.679,0.22,-212.34,240.2,358.75,192.35
2.0,short,time_40,conservative,44,9,35,20.45,-2502.45,-25.02,41.1,-1.386,-8.003,0.74,-56.87,779.12,271.84,7281.77
2.0,short,time_40,moderate,44,9,35,20.45,-4209.03,-42.09,61.11,-1.386,-8.003,0.69,-95.66,1064.09,393.88,5483.0
2.0,short,time_40,aggressive,44,9,35,20.45,-7449.13,-74.49,88.7,-1.386,-8.003,0.6,-169.3,1248.86,533.97,2148.88
2.0,short,time_40,degen,44,9,35,20.45,-8988.53,-89.89,97.49,-1.386,-8.003,0.52,-204.28,1087.95,536.57,622.02
2.0,short,rr_2,conservative,47,14,33,29.79,-3456.8,-34.57,52.62,-2.317,-5.097,0.66,-73.55,486.44,311.12,6318.63
2.0,short,rr_2,moderate,47,14,33,29.79,-5373.12,-53.73,72.56,-2.317,-5.097,0.64,-114.32,678.54,450.69,4304.87
2.0,short,rr_2,aggressive,47,14,33,29.79,-8335.69,-83.36,94.38,-2.317,-5.097,0.61,-177.36,926.12,645.5,1204.94
2.0,short,rr_2,degen,47,14,33,29.79,-9310.51,-93.11,99.43,-2.317,-5.097,0.61,-198.1,1047.75,726.64,161.89
2.0,short,rr_3,conservative,44,12,32,27.27,-2231.84,-22.32,52.17,-0.959,-2.477,0.8,-50.72,726.4,342.14,7541.74
2.0,short,rr_3,moderate,44,12,32,27.27,-3988.09,-39.88,72.65,-0.959,-2.477,0.76,-90.64,1039.31,514.37,5676.67
2.0,short,rr_3,aggressive,44,12,32,27.27,-7560.09,-75.6,94.86,-0.959,-2.477,0.7,-171.82,1454.7,781.76,1942.34
2.0,short,rr_3,degen,44,12,32,27.27,-9114.16,-91.14,99.51,-0.959,-2.477,0.69,-207.14,1681.73,915.46,302.78
2.0,both,fixed_10,conservative,78,19,59,24.36,-2580.66,-25.81,56.21,-0.655,-3.269,0.83,-33.09,678.53,262.25,7063.14
2.0,both,fixed_10,moderate,78,19,59,24.36,-4583.22,-45.83,76.8,-0.655,-3.269,0.79,-58.76,884.44,362.5,4935.33
2.0,both,fixed_10,aggressive,78,19,59,24.36,-8106.58,-81.07,96.43,-0.655,-3.269,0.7,-103.93,972.66,450.63,1331.99
2.0,both,fixed_10,degen,78,19,59,24.36,-9271.01,-92.71,99.64,-0.655,-3.269,0.65,-118.86,911.18,450.57,203.33
2.0,both,fixed_12,conservative,77,17,60,22.08,-2400.63,-24.01,54.78,-0.434,-2.288,0.85,-31.18,817.58,271.66,7243.0
2.0,both,fixed_12,moderate,77,17,60,22.08,-4492.35,-44.92,75.86,-0.434,-2.288,0.8,-58.34,1058.32,374.73,5027.57
2.0,both,fixed_12,aggressive,77,17,60,22.08,-8194.64,-81.95,96.36,-0.434,-2.288,0.7,-106.42,1142.02,460.15,1254.16
2.0,both,fixed_12,degen,77,17,60,22.08,-9310.15,-93.1,99.65,-0.434,-2.288,0.67,-120.91,1102.02,467.41,165.01
2.0,both,fixed_15,conservative,63,13,50,20.63,-2102.16,-21.02,53.25,-0.204,-0.496,0.9,-33.37,1470.56,424.39,7478.97
2.0,both,fixed_15,moderate,63,13,50,20.63,-4318.2,-43.18,74.36,-0.204,-0.496,0.88,-68.54,2383.92,706.18,4989.02
2.0,both,fixed_15,aggressive,63,13,50,20.63,-8268.45,-82.68,97.56,-0.204,-0.496,0.85,-131.25,3737.82,1137.2,615.05
2.0,both,fixed_15,degen,57,12,45,21.05,-9374.45,-93.74,101.81,0.249,0.598,0.84,-164.46,4104.93,1302.97,-513.23
2.0,both,fixed_20,conservative,61,7,54,11.48,-6038.21,-60.38,68.16,-2.671,-6.598,0.56,-98.99,1080.88,251.93,3714.64
2.0,both,fixed_20,moderate,61,7,54,11.48,-8105.14,-81.05,87.55,-2.671,-6.598,0.53,-132.87,1303.27,319.04,1581.26
2.0,both,fixed_20,aggressive,61,7,54,11.48,-9586.47,-95.86,99.55,-2.671,-6.598,0.49,-157.16,1328.23,349.7,67.59
2.0,both,fixed_20,degen,55,6,49,10.91,-9679.07,-96.79,100.15,-2.337,-5.774,0.49,-175.98,1531.83,385.1,-21.34
2.0,both,time_20,conservative,80,19,61,23.75,-5764.85,-57.65,74.52,-3.371,-17.969,0.55,-72.06,369.63,209.64,3926.45
2.0,both,time_20,moderate,80,19,61,23.75,-7675.65,-76.76,90.27,-3.371,-17.969,0.55,-95.95,484.93,276.87,1923.63
2.0,both,time_20,aggressive,80,19,61,23.75,-9240.54,-92.41,99.27,-3.371,-17.969,0.58,-115.51,680.61,363.48,242.38
2.0,both,time_20,degen,80,19,61,23.75,-9378.01,-93.78,99.96,-3.371,-17.969,0.64,-117.23,862.66,422.44,20.57
2.0,both,time_30,conservative,74,18,56,24.32,-5659.65,-56.6,73.03,-3.948,-20.68,0.48,-76.48,290.67,194.49,4078.34
2.0,both,time_30,moderate,74,18,56,24.32,-7600.1,-76.0,89.02,-3.948,-20.68,0.44,-102.7,329.75,241.71,2080.43
2.0,both,time_30,aggressive,74,18,56,24.32,-9350.48,-93.5,98.99,-3.948,-20.68,0.39,-126.36,328.33,272.51,300.17
2.0,both,time_30,degen,74,18,56,24.32,-9615.02,-96.15,99.93,-3.948,-20.68,0.39,-129.93,335.2,279.44,30.24
2.0,both,time_40,conservative,68,13,55,19.12,-2728.94,-27.29,51.58,-0.798,-5.908,0.8,-40.13,845.52,249.47,6939.24
2.0,both,time_40,moderate,68,13,55,19.12,-4702.99,-47.03,72.19,-0.798,-5.908,0.76,-69.16,1137.03,354.26,4833.93
2.0,both,time_40,aggressive,68,13,55,19.12,-8059.22,-80.59,94.58,-0.798,-5.908,0.67,-118.52,1286.55,450.62,1375.43
2.0,both,time_40,degen,68,13,55,19.12,-9209.69,-92.1,99.25,-0.798,-5.908,0.62,-135.44,1168.04,443.53,250.48
2.0,both,rr_2,conservative,72,15,57,20.83,-6913.37,-69.13,80.47,-4.243,-7.085,0.51,-96.02,474.49,246.15,2807.89
2.0,both,rr_2,moderate,72,15,57,20.83,-8616.52,-86.17,94.3,-4.243,-7.085,0.52,-119.67,627.67,316.34,1020.62
2.0,both,rr_2,aggressive,72,15,57,20.83,-9513.85,-95.14,99.9,-4.243,-7.085,0.58,-132.14,866.73,395.0,28.85
2.0,both,rr_2,degen,66,12,54,18.18,-9500.67,-95.01,100.01,-5.181,-8.323,0.62,-143.95,1309.9,467.03,-1.33
2.0,both,rr_3,conservative,69,12,57,17.39,-6729.25,-67.29,75.18,-3.635,-6.815,0.55,-97.53,684.9,262.25,2987.01
2.0,both,rr_3,moderate,69,12,57,17.39,-8518.4,-85.18,91.66,-3.635,-6.815,0.56,-123.46,903.28,339.61,1110.59
2.0,both,rr_3,aggressive,69,12,57,17.39,-9526.72,-95.27,99.8,-3.635,-6.815,0.58,-138.07,1101.64,399.06,31.85
2.0,both,rr_3,degen,63,10,53,15.87,-9559.91,-95.6,100.02,-3.826,-7.075,0.58,-151.74,1342.78,433.73,-2.63
2.5,long,fixed_10,conservative,36,8,28,22.22,-2806.48,-28.06,53.44,-2.125,-13.372,0.67,-77.96,719.14,305.7,7023.45
2.5,long,fixed_10,moderate,36,8,28,22.22,-4541.6,-45.42,72.9,-2.125,-13.372,0.63,-126.16,980.67,442.39,5217.57
2.5,long,fixed_10,aggressive,36,8,28,22.22,-7648.35,-76.48,93.76,-2.125,-13.372,0.57,-212.45,1282.05,639.45,2022.56
2.5,long,fixed_10,degen,36,8,28,22.22,-9045.61,-90.46,98.79,-2.125,-13.372,0.57,-251.27,1485.1,747.37,588.83
2.5,long,fixed_12,conservative,36,7,29,19.44,-3019.92,-30.2,51.73,-2.08,-12.998,0.68,-83.89,909.97,323.78,6802.62
2.5,long,fixed_12,moderate,36,7,29,19.44,-4849.59,-48.5,71.33,-2.08,-12.998,0.65,-134.71,1276.99,475.47,4893.81
2.5,long,fixed_12,aggressive,36,7,29,19.44,-7938.76,-79.39,93.11,-2.08,-12.998,0.61,-220.52,1768.92,700.73,1698.49
2.5,long,fixed_12,degen,36,7,29,19.44,-9163.27,-91.63,98.63,-2.08,-12.998,0.62,-254.54,2120.35,827.78,426.65
2.5,long,fixed_15,conservative,32,5,27,15.62,-4422.17,-44.22,62.6,-3.044,-5.925,0.58,-138.19,1221.67,390.02,5409.52
2.5,long,fixed_15,moderate,32,5,27,15.62,-6595.07,-65.95,82.45,-3.044,-5.925,0.58,-206.1,1811.93,579.8,3151.33
2.5,long,fixed_15,aggressive,32,5,27,15.62,-9257.98,-92.58,98.77,-3.044,-5.925,0.61,-289.31,2896.55,879.29,349.55
2.5,long,fixed_15,degen,29,4,25,13.79,-9673.83,-96.74,100.59,-3.892,-7.105,0.66,-333.58,4798.85,1154.77,-146.69
2.5,long,fixed_20,conservative,30,2,28,6.67,-6171.79,-61.72,71.44,-6.508,-11.702,0.34,-205.73,1582.11,333.43,3690.03
2.5,long,fixed_20,moderate,30,2,28,6.67,-8117.03,-81.17,88.72,-6.508,-11.702,0.36,-270.57,2302.81,454.38,1689.36
2.5,long,fixed_20,aggressive,30,2,28,6.67,-9630.36,-96.3,99.48,-6.508,-11.702,0.42,-321.01,3508.15,594.52,106.95
2.5,long,fixed_20,degen,28,2,26,7.14,-9757.73,-97.58,100.19,-6.042,-10.815,0.47,-348.49,4396.74,713.51,-48.9
2.5,long,time_20,conservative,36,11,25,30.56,-3268.99,-32.69,52.95,-3.183,-18.255,0.59,-90.81,419.3,315.25,6560.21
2.5,long,time_20,moderate,36,11,25,30.56,-5033.98,-50.34,72.16,-3.183,-18.255,0.56,-139.83,588.49,460.29,4725.03
2.5,long,time_20,aggressive,36,11,25,30.56,-7904.81,-79.05,93.24,-3.183,-18.255,0.52,-219.58,791.27,664.35,1777.11
2.5,long,time_20,degen,36,11,25,30.56,-9136.88,-91.37,98.61,-3.183,-18.255,0.51,-253.8,872.8,749.51,533.67
2.5,long,time_30,conservative,36,11,25,30.56,-2420.88,-24.21,53.35,-0.967,-9.836,0.73,-67.25,594.27,358.31,7380.15
2.5,long,time_30,moderate,36,11,25,30.56,-4176.11,-41.76,72.57,-0.967,-9.836,0.7,-116.0,896.44,561.48,5522.24
2.5,long,time_30,aggressive,36,11,25,30.56,-7395.16,-73.95,93.36,-0.967,-9.836,0.68,-205.42,1430.15,925.07,2145.96
2.5,long,time_30,degen,36,11,25,30.56,-8823.39,-88.23,98.63,-0.967,-9.836,0.69,-245.09,1816.57,1152.23,641.95
2.5,long,time_40,conservative,33,7,26,21.21,-2049.02,-20.49,55.89,-0.621,-6.35,0.77,-62.09,984.74,343.93,7761.9
2.5,long,time_40,moderate,33,7,26,21.21,-3760.42,-37.6,74.48,-0.621,-6.35,0.74,-113.95,1491.62,546.22,5949.33
2.5,long,time_40,aggressive,33,7,26,21.21,-7137.7,-71.38,93.93,-0.621,-6.35,0.7,-216.29,2370.91,912.85,2417.9
2.5,long,time_40,degen,33,7,26,21.21,-8736.23,-87.36,98.73,-0.621,-6.35,0.71,-264.73,2986.15,1139.97,752.22
2.5,long,rr_2,conservative,33,9,24,27.27,-3526.17,-35.26,56.08,-2.374,-3.935,0.65,-106.85,721.94,417.65,6298.29
2.5,long,rr_2,moderate,33,9,24,27.27,-5612.79,-56.13,76.97,-2.374,-3.935,0.63,-170.08,1058.76,630.9,4121.26
2.5,long,rr_2,aggressive,33,9,24,27.27,-8959.56,-89.6,97.86,-2.374,-3.935,0.61,-271.5,1568.32,961.43,632.48
2.5,long,rr_2,degen,30,7,23,23.33,-9799.58,-98.0,101.35,-3.544,-5.652,0.63,-326.65,2415.6,1161.25,-269.7
2.5,long,rr_3,conservative,31,6,25,19.35,-3565.97,-35.66,52.51,-2.059,-4.112,0.7,-115.03,1370.4,471.53,6244.05
2.5,long,rr_3,moderate,31,6,25,19.35,-5707.94,-57.08,74.13,-2.059,-4.112,0.7,-184.13,2215.96,760.15,3982.31
2.5,long,rr_3,aggressive,31,6,25,19.35,-8913.31,-89.13,97.44,-2.059,-4.112,0.72,-287.53,3879.55,1287.63,548.01
2.5,long,rr_3,degen,29,6,23,20.69,-9854.59,-98.55,101.84,-1.555,-3.061,0.75,-339.81,4922.17,1712.5,-515.33
2.5,short,fixed_10,conservative,28,7,21,25.0,-1867.77,-18.68,39.76,-1.505,-9.392,0.78,-66.71,944.35,403.73,7966.0
2.5,short,fixed_10,moderate,28,7,21,25.0,-3242.25,-32.42,58.01,-1.505,-9.392,0.77,-115.79,1516.62,659.93,6487.69
2.5,short,fixed_10,aggressive,28,7,21,25.0,-6268.24,-62.68,85.5,-1.505,-9.392,0.75,-223.87,2673.48,1189.65,3249.08
2.5,short,fixed_10,degen,28,7,21,25.0,-8115.39,-81.15,95.9,-1.505,-9.392,0.75,-289.84,3414.31,1524.55,1266.56
2.5,short,fixed_12,conservative,26,7,19,26.92,-240.59,-2.41,38.66,0.296,2.106,0.97,-9.25,1243.33,470.73,9583.78
2.5,short,fixed_12,moderate,26,7,19,26.92,-948.05,-9.48,56.6,0.296,2.106,0.94,-36.46,2133.98,836.1,8743.97
2.5,short,fixed_12,aggressive,26,7,19,26.92,-3669.57,-36.7,82.99,0.296,2.106,0.89,-141.14,4350.27,1795.87,5684.49
2.5,short,fixed_12,degen,26,7,19,26.92,-6248.87,-62.49,94.03,0.296,2.106,0.88,-240.34,6253.34,2632.75,2818.93
2.5,short,fixed_15,conservative,25,7,18,28.0,2220.36,22.2,31.82,2.163,21.514,1.23,88.81,1680.07,530.01,12025.42
2.5,short,fixed_15,moderate,25,7,18,28.0,2926.88,29.27,47.65,2.163,21.514,1.16,117.08,3056.02,1025.85,12555.49
2.5,short,fixed_15,aggressive,25,7,18,28.0,1956.82,19.57,74.19,2.163,21.514,1.04,78.27,6984.7,2607.56,11037.15
2.5,short,fixed_15,degen,25,7,18,28.0,-1298.27,-12.98,88.73,2.163,21.514,0.98,-51.93,10809.55,4275.84,7214.55
2.5,short,fixed_20,conservative,23,4,19,17.39,-2491.05,-24.91,46.19,-1.549,-4.769,0.71,-108.31,1499.09,446.71,7383.91
2.5,short,fixed_20,moderate,23,4,19,17.39,-4313.95,-43.14,65.63,-1.549,-4.769,0.67,-187.56,2209.77,692.26,5497.73
2.5,short,fixed_20,aggressive,23,4,19,17.39,-7840.62,-78.41,90.85,-1.549,-4.769,0.61,-340.9,3129.38,1071.48,1886.74
2.5,short,fixed_20,degen,23,4,19,17.39,-9397.03,-93.97,98.83,-1.549,-4.769,0.59,-408.57,3334.36,1196.55,312.69
2.5,short,time_20,conservative,27,6,21,22.22,-3977.02,-39.77,51.28,-5.607,-25.518,0.41,-147.3,457.8,320.18,5897.52
2.5,short,time_20,moderate,27,6,21,22.22,-5836.12,-58.36,70.59,-5.607,-25.518,0.4,-216.15,642.3,461.42,3987.84
2.5,short,time_20,aggressive,27,6,21,22.22,-8454.08,-84.54,92.43,-5.607,-25.518,0.38,-313.11,853.25,646.36,1312.91
2.5,short,time_20,degen,27,6,21,22.22,-9400.63,-94.01,98.33,-5.607,-25.518,0.36,-348.17,888.24,701.43,355.94
2.5,short,time_30,conservative,24,6,18,25.0,-2696.26,-26.96,42.9,-3.711,-24.909,0.56,-112.34,568.65,339.34,7179.41
2.5,short,time_30,moderate,24,6,18,25.0,-4251.63,-42.52,61.43,-3.711,-24.909,0.54,-177.15,837.32,515.31,5562.08
2.5,short,time_30,aggressive,24,6,18,25.0,-7102.59,-71.03,86.56,-3.711,-24.909,0.51,-295.94,1216.31,800.02,2617.57
2.5,short,time_30,degen,24,6,18,25.0,-8645.07,-86.45,95.83,-3.711,-24.909,0.48,-360.21,1314.8,918.55,1044.3
2.5,short,time_40,conservative,23,5,18,21.74,-2202.99,-22.03,37.39,-2.706,-17.002,0.65,-95.78,812.52,348.09,7671.23
2.5,short,time_40,moderate,23,5,18,21.74,-3613.3,-36.13,55.17,-2.706,-17.002,0.63,-157.1,1234.73,543.72,6192.42
2.5,short,time_40,aggressive,23,5,18,21.74,-6489.12,-64.89,82.1,-2.706,-17.002,0.59,-282.14,1904.72,889.6,3202.18
2.5,short,time_40,degen,23,5,18,21.74,-8255.25,-82.55,93.7,-2.706,-17.002,0.56,-358.92,2135.85,1051.92,1391.4
2.5,short,rr_2,conservative,26,6,20,23.08,-3400.89,-34.01,50.14,-3.545,-7.85,0.58,-130.8,789.99,407.04,6461.44
2.5,short,rr_2,moderate,26,6,20,23.08,-5258.76,-52.59,69.42,-3.545,-7.85,0.58,-202.26,1205.45,624.57,4531.49
2.5,short,rr_2,aggressive,26,6,20,23.08,-8234.3,-82.34,92.95,-3.545,-7.85,0.59,-316.7,1960.06,999.73,1430.81
2.5,short,rr_2,degen,26,6,20,23.08,-9356.62,-93.57,99.14,-3.545,-7.85,0.61,-359.87,2452.79,1203.67,232.12
2.5,short,rr_3,conservative,24,5,19,20.83,-2972.94,-29.73,49.18,-2.577,-6.584,0.64,-123.87,1063.4,436.31,6898.16
2.5,short,rr_3,moderate,24,5,19,20.83,-4806.81,-48.07,69.39,-2.577,-6.584,0.63,-200.28,1613.07,677.48,4996.86
2.5,short,rr_3,aggressive,24,5,19,20.83,-8029.92,-80.3,93.21,-2.577,-6.584,0.62,-334.58,2575.29,1100.33,1662.88
2.5,short,rr_3,degen,24,5,19,20.83,-9355.63,-93.56,99.2,-2.577,-6.584,0.63,-389.82,3222.57,1340.45,275.87
2.5,both,fixed_10,conservative,53,11,42,20.75,-4872.39,-48.72,66.06,-3.314,-19.223,0.56,-91.93,566.69,264.43,4915.18
2.5,both,fixed_10,moderate,53,11,42,20.75,-6915.92,-69.16,84.35,-3.314,-19.223,0.53,-130.49,703.49,348.91,2809.82
2.5,both,fixed_10,aggressive,53,11,42,20.75,-9157.89,-91.58,98.13,-3.314,-19.223,0.49,-172.79,809.32,430.01,519.93
2.5,both,fixed_10,degen,53,11,42,20.75,-9598.49,-95.98,99.83,-3.314,-19.223,0.51,-181.1,904.36,465.39,63.68
2.5,both,fixed_12,conservative,53,10,43,18.87,-4838.77,-48.39,63.52,-2.908,-17.471,0.6,-91.3,729.13,282.09,4935.95
2.5,both,fixed_12,moderate,53,10,43,18.87,-6912.62,-69.13,82.47,-2.908,-17.471,0.58,-130.43,941.08,379.61,2788.99
2.5,both,fixed_12,aggressive,53,10,43,18.87,-9157.51,-91.58,97.73,-2.908,-17.471,0.55,-172.78,1135.55,477.05,481.74
2.5,both,fixed_12,degen,53,10,43,18.87,-9568.31,-95.68,99.78,-2.908,-17.471,0.57,-180.53,1270.02,517.87,52.56
2.5,both,fixed_15,conservative,47,8,39,17.02,-5202.31,-52.02,68.1,-2.779,-6.071,0.61,-110.69,1022.49,343.13,4570.02
2.5,both,fixed_15,moderate,47,8,39,17.02,-7369.62,-73.7,86.93,-2.779,-6.071,0.61,-156.8,1431.34,482.57,2306.97
2.5,both,fixed_15,aggressive,47,8,39,17.02,-9404.54,-94.05,99.4,-2.779,-6.071,0.62,-200.1,1956.17,642.41,162.45
2.5,both,fixed_15,degen,43,6,37,13.95,-9570.22,-95.7,100.17,-3.572,-7.483,0.65,-222.56,2970.04,740.28,-32.59
2.5,both,fixed_20,conservative,40,4,36,10.0,-6006.35,-60.06,69.79,-4.017,-9.017,0.55,-150.16,1814.87,368.49,3782.39
2.5,both,fixed_20,moderate,40,4,36,10.0,-7993.59,-79.94,87.96,-4.017,-9.017,0.58,-199.84,2791.04,532.16,1690.65
2.5,both,fixed_20,aggressive,40,4,36,10.0,-9439.52,-94.4,99.49,-4.017,-9.017,0.65,-235.99,4409.15,752.11,89.98
2.5,both,fixed_20,degen,38,4,34,10.53,-9493.23,-94.93,100.14,-3.661,-8.171,0.69,-249.82,5233.87,894.96,-30.13
2.5,both,time_20,conservative,52,15,37,28.85,-4229.84,-42.3,58.56,-2.892,-16.27,0.61,-81.34,450.22,296.84,5531.73
2.5,both,time_20,moderate,52,15,37,28.85,-6206.64,-62.07,78.09,-2.892,-16.27,0.6,-119.36,621.53,419.72,3464.47
2.5,both,time_20,aggressive,52,15,37,28.85,-8736.64,-87.37,96.26,-2.892,-16.27,0.58,-168.01,807.03,563.3,846.09
2.5,both,time_20,degen,52,15,37,28.85,-9424.82,-94.25,99.51,-2.892,-16.27,0.58,-181.25,864.17,605.06,147.51
2.5,both,time_30,conservative,47,14,33,29.79,-2392.29,-23.92,60.56,-0.694,-7.659,0.81,-50.9,709.79,373.62,7327.3
2.5,both,time_30,moderate,47,14,33,29.79,-4213.61,-42.14,79.42,-0.694,-7.659,0.79,-89.65,1112.72,599.75,5342.58
2.5,both,time_30,aggressive,47,14,33,29.79,-7442.22,-74.42,96.41,-0.694,-7.659,0.78,-158.35,1881.79,1023.86,1822.53
2.5,both,time_30,degen,47,14,33,29.79,-8652.21,-86.52,99.49,-0.694,-7.659,0.8,-184.09,2443.18,1298.69,439.5
2.5,both,time_40,conservative,47,10,37,21.28,-3291.8,-32.92,63.39,-1.119,-14.318,0.73,-70.04,885.84,328.38,6457.56
2.5,both,time_40,moderate,47,10,37,21.28,-5350.19,-53.5,81.68,-1.119,-14.318,0.71,-113.83,1295.63,494.77,4283.29
2.5,both,time_40,aggressive,47,10,37,21.28,-8365.43,-83.65,97.16,-1.119,-14.318,0.69,-177.99,1883.68,735.2,1129.42
2.5,both,time_40,degen,47,10,37,21.28,-9248.12,-92.48,99.65,-1.119,-14.318,0.71,-196.77,2216.58,849.02,206.78
2.5,both,rr_2,conservative,49,10,39,20.41,-6589.57,-65.9,77.91,-5.047,-8.141,0.43,-134.48,504.99,298.45,3217.37
2.5,both,rr_2,moderate,49,10,39,20.41,-8445.68,-84.46,92.87,-5.047,-8.141,0.44,-172.36,661.3,386.12,1301.6
2.5,both,rr_2,aggressive,49,10,39,20.41,-9630.34,-96.3,99.83,-5.047,-8.141,0.49,-196.54,914.21,481.34,50.61
2.5,both,rr_2,degen,44,7,37,15.91,-9646.9,-96.47,100.02,-7.006,-10.473,0.54,-219.25,1625.5,568.25,-2.56
2.5,both,rr_3,conservative,44,6,38,13.64,-6756.5,-67.56,75.9,-5.256,-9.417,0.49,-153.56,1087.52,349.52,3037.15
2.5,both,rr_3,moderate,44,6,38,13.64,-8538.07,-85.38,91.83,-5.256,-9.417,0.54,-194.05,1639.1,483.49,1170.21
2.5,both,rr_3,aggressive,44,6,38,13.64,-9554.22,-95.54,99.79,-5.256,-9.417,0.62,-217.14,2593.31,660.9,39.5
2.5,both,rr_3,degen,42,6,36,14.29,-9536.96,-95.37,100.02,-4.91,-8.743,0.67,-227.07,3271.32,810.13,-5.44
3.0,long,fixed_10,conservative,23,6,17,26.09,-2082.1,-20.82,45.07,-2.027,-9.616,0.7,-90.53,797.53,403.96,7799.35
3.0,long,fixed_10,moderate,23,6,17,26.09,-3542.28,-35.42,64.11,-2.027,-9.616,0.66,-154.01,1157.18,616.79,6280.64
3.0,long,fixed_10,aggressive,23,6,17,26.09,-6662.1,-66.62,88.79,-2.027,-9.616,0.6,-289.66,1683.2,985.96,3068.89
3.0,long,fixed_10,degen,23,6,17,26.09,-8523.54,-85.24,97.03,-2.027,-9.616,0.59,-370.59,2009.95,1210.78,1158.06
3.0,long,fixed_12,conservative,23,5,18,21.74,-2592.04,-25.92,45.26,-2.493,-12.527,0.66,-112.7,994.54,420.26,7286.34
3.0,long,fixed_12,moderate,23,5,18,21.74,-4248.53,-42.49,64.74,-2.493,-12.527,0.64,-184.72,1479.27,646.94,5567.24
3.0,long,fixed_12,aggressive,23,5,18,21.74,-7375.49,-73.75,89.78,-2.493,-12.527,0.61,-320.67,2299.79,1048.58,2336.19
3.0,long,fixed_12,degen,23,5,18,21.74,-8913.51,-89.14,97.62,-2.493,-12.527,0.62,-387.54,2911.75,1304.01,736.69
3.0,long,fixed_15,conservative,21,4,17,19.05,-3781.16,-37.81,57.8,-3.161,-5.859,0.57,-180.06,1275.9,522.63,6103.3
3.0,long,fixed_15,moderate,21,4,17,19.05,-5925.34,-59.25,78.31,-3.161,-5.859,0.57,-282.16,1943.87,805.93,3895.0
3.0,long,fixed_15,aggressive,21,4,17,19.05,-9141.56,-91.42,98.04,-3.161,-5.859,0.59,-435.31,3292.12,1312.36,557.62
3.0,long,fixed_15,degen,18,3,15,16.67,-9917.52,-99.18,101.24,-4.346,-7.516,0.65,-550.97,6113.22,1883.81,-308.65
3.0,long,fixed_20,conservative,19,1,18,5.26,-5919.26,-59.19,69.12,-9.435,-14.449,0.24,-311.54,1907.88,434.84,3989.56
3.0,long,fixed_20,moderate,19,1,18,5.26,-7910.36,-79.1,86.93,-9.435,-14.449,0.28,-416.33,3104.33,611.93,1957.18
3.0,long,fixed_20,aggressive,19,1,18,5.26,-9648.44,-96.48,99.25,-9.435,-14.449,0.38,-507.81,5831.32,859.99,153.46
3.0,long,fixed_20,degen,17,1,16,5.88,-9851.02,-98.51,100.34,-8.862,-13.57,0.45,-579.47,8180.97,1127.0,-89.95
3.0,long,time_20,conservative,24,7,17,29.17,-3381.13,-33.81,53.24,-4.546,-19.177,0.48,-140.88,448.46,383.55,6503.5
3.0,long,time_20,moderate,24,7,17,29.17,-5150.54,-51.51,72.35,-4.546,-19.177,0.47,-214.61,651.48,571.23,4684.26
3.0,long,time_20,aggressive,24,7,17,29.17,-7982.3,-79.82,93.2,-4.546,-19.177,0.46,-332.6,971.43,869.55,1787.81
3.0,long,time_20,degen,24,7,17,29.17,-9196.06,-91.96,98.57,-4.546,-19.177,0.47,-383.17,1182.27,1027.76,549.35
3.0,long,time_30,conservative,24,7,17,29.17,-1812.06,-18.12,49.85,-0.654,-4.914,0.77,-75.5,862.32,461.66,8052.36
3.0,long,time_30,moderate,24,7,17,29.17,-3414.03,-34.14,69.06,-0.654,-4.914,0.73,-142.25,1316.02,742.72,6378.4
3.0,long,time_30,aggressive,24,7,17,29.17,-6847.82,-68.48,91.56,-0.654,-4.914,0.69,-285.33,2141.65,1284.67,2833.36
3.0,long,time_30,degen,24,7,17,29.17,-8683.61,-86.84,98.04,-0.654,-4.914,0.69,-361.82,2754.82,1645.14,945.19
3.0,long,time_40,conservative,22,5,17,22.73,-1450.34,-14.5,52.37,-0.363,-2.49,0.8,-65.92,1147.18,422.72,8419.52
3.0,long,time_40,moderate,22,5,17,22.73,-2916.17,-29.16,70.71,-0.363,-2.49,0.75,-132.55,1785.46,696.68,6879.2
3.0,long,time_40,aggressive,22,5,17,22.73,-6310.68,-63.11,91.7,-0.363,-2.49,0.71,-286.85,3032.45,1263.11,3357.48
3.0,long,time_40,degen,22,5,17,22.73,-8326.11,-83.26,97.91,-0.363,-2.49,0.71,-378.46,3999.0,1665.95,1274.46
3.0,long,rr_2,conservative,22,6,16,27.27,-3652.44,-36.52,56.54,-3.371,-5.358,0.56,-166.02,760.91,513.62,6232.15
3.0,long,rr_2,moderate,22,6,16,27.27,-5737.5,-57.38,77.16,-3.371,-5.358,0.54,-260.8,1116.35,777.22,4087.58
3.0,long,rr_2,aggressive,22,6,16,27.27,-9075.73,-90.76,97.81,-3.371,-5.358,0.53,-412.53,1727.41,1215.01,646.86
3.0,long,rr_2,degen,19,4,15,21.05,-9946.39,-99.46,101.45,-5.188,-7.881,0.58,-523.49,3395.39,1568.53,-290.3
3.0,long,rr_3,conservative,20,3,17,15.0,-4380.45,-43.8,58.14,-4.262,-7.883,0.53,-219.02,1619.43,543.45,5503.95
3.0,long,rr_3,moderate,20,3,17,15.0,-6526.39,-65.26,78.64,-4.262,-7.883,0.55,-326.32,2655.1,852.45,3288.87
3.0,long,rr_3,aggressive,20,3,17,15.0,-9271.43,-92.71,98.11,-4.262,-7.883,0.62,-463.57,5043.69,1435.44,403.55
3.0,long,rr_3,degen,18,3,15,16.67,-9920.63,-99.21,101.26,-3.656,-6.698,0.69,-551.15,7227.0,2106.77,-353.2
3.0,short,fixed_10,conservative,16,6,10,37.5,263.73,2.64,27.3,0.889,6.211,1.05,16.48,938.96,537.0,10156.72
3.0,short,fixed_10,moderate,16,6,10,37.5,78.65,0.79,41.69,0.889,6.211,1.01,4.92,1625.3,967.32,9890.03
3.0,short,fixed_10,aggressive,16,6,10,37.5,-1401.37,-14.01,67.44,0.889,6.211,0.94,-87.59,3446.42,2207.99,8187.29
3.0,short,fixed_10,degen,16,6,10,37.5,-3663.9,-36.64,82.78,0.889,6.211,0.9,-228.99,5215.99,3495.98,5707.66
3.0,short,fixed_12,conservative,16,6,10,37.5,1231.62,12.32,27.3,2.098,16.6,1.21,76.98,1166.45,576.71,11117.77
3.0,short,fixed_12,moderate,16,6,10,37.5,1601.9,16.02,41.69,2.098,16.6,1.15,100.12,2071.47,1082.69,11393.81
3.0,short,fixed_12,aggressive,16,6,10,37.5,958.07,9.58,67.44,2.098,16.6,1.04,59.88,4642.89,2689.93,10468.91
3.0,short,fixed_12,degen,16,6,10,37.5,-1303.61,-13.04,82.78,2.098,16.6,0.97,-81.48,7341.06,4535.0,7906.42
3.0,short,fixed_15,conservative,15,6,9,40.0,3703.61,37.04,19.84,4.448,51.672,1.67,246.91,1543.55,617.52,13585.07
3.0,short,fixed_15,moderate,15,6,9,40.0,5934.2,59.34,31.09,4.448,51.672,1.53,395.61,2851.61,1241.72,15702.96
3.0,short,fixed_15,aggressive,15,6,9,40.0,9588.75,95.89,53.9,4.448,51.672,1.3,639.25,6956.34,3572.15,18962.1
3.0,short,fixed_15,degen,15,6,9,40.0,9619.27,96.19,70.29,4.448,51.672,1.16,641.28,11732.67,6752.97,18485.52
3.0,short,fixed_20,conservative,12,3,9,25.0,-1418.97,-14.19,40.49,-1.245,-3.299,0.75,-118.25,1417.4,630.13,8507.95
3.0,short,fixed_20,moderate,12,3,9,25.0,-2712.45,-27.12,58.45,-1.245,-3.299,0.72,-226.04,2317.18,1073.78,7167.53
3.0,short,fixed_20,aggressive,12,3,9,25.0,-6129.59,-61.3,84.85,-1.245,-3.299,0.68,-510.8,4289.88,2111.03,3652.34
3.0,short,fixed_20,degen,12,3,9,25.0,-8712.5,-87.13,96.52,-1.245,-3.299,0.67,-726.04,5780.25,2894.8,1004.28
3.0,short,time_20,conservative,15,5,10,33.33,-499.48,-4.99,25.92,-0.318,-1.724,0.89,-33.3,789.45,444.67,9409.91
3.0,short,time_20,moderate,15,5,10,33.33,-1106.61,-11.07,39.89,-0.318,-1.724,0.85,-73.77,1279.21,750.27,8743.92
3.0,short,time_20,aggressive,15,5,10,33.33,-3166.58,-31.67,65.6,-0.318,-1.724,0.79,-211.11,2317.9,1475.61,6554.46
3.0,short,time_20,degen,15,5,10,33.33,-5373.05,-53.73,81.46,-0.318,-1.724,0.74,-358.2,3045.09,2059.85,4255.16
3.0,short,time_30,conservative,13,4,9,30.77,-826.45,-8.26,24.05,-1.329,-11.388,0.78,-63.57,746.15,423.45,9097.07
3.0,short,time_30,moderate,13,4,9,30.77,-1535.79,-15.36,36.5,-1.329,-11.388,0.76,-118.14,1189.15,699.16,8339.75
3.0,short,time_30,aggressive,13,4,9,30.77,-3572.91,-35.73,59.25,-1.329,-11.388,0.7,-274.84,2069.33,1316.69,6200.59
3.0,short,time_30,degen,13,4,9,30.77,-5578.69,-55.79,76.07,-1.329,-11.388,0.65,-429.13,2604.78,1777.53,4124.98
3.0,short,time_40,conservative,13,4,9,30.77,116.78,1.17,22.44,0.732,5.322,1.03,8.98,997.79,430.49,10035.69
3.0,short,time_40,moderate,13,4,9,30.77,-126.18,-1.26,34.23,0.732,5.322,0.98,-9.71,1625.85,736.62,9737.47
3.0,short,time_40,aggressive,13,4,9,30.77,-1558.7,-15.59,56.2,0.732,5.322,0.88,-119.9,2965.11,1491.02,8176.69
3.0,short,time_40,degen,13,4,9,30.77,-3606.22,-36.06,70.95,0.732,5.322,0.81,-277.4,3870.06,2120.72,6032.3
3.0,short,rr_2,conservative,14,5,9,35.71,-1709.78,-17.1,40.49,-2.335,-4.462,0.69,-122.13,756.91,610.48,8206.17
3.0,short,rr_2,moderate,14,5,9,35.71,-2995.85,-29.96,58.45,-2.335,-4.462,0.68,-213.99,1261.06,1033.46,6865.54
3.0,short,rr_2,aggressive,14,5,9,35.71,-6171.22,-61.71,84.85,-2.335,-4.462,0.67,-440.8,2475.97,2061.23,3566.91
3.0,short,rr_2,degen,14,5,9,35.71,-8608.35,-86.08,96.52,-2.335,-4.462,0.67,-614.88,3566.07,2937.63,1031.15
3.0,short,rr_3,conservative,13,4,9,30.77,-1139.63,-11.4,40.49,-0.94,-2.232,0.81,-87.66,1179.38,650.79,8778.65
3.0,short,rr_3,moderate,13,4,9,30.77,-2273.34,-22.73,58.45,-0.94,-2.232,0.78,-174.87,1992.43,1138.12,7588.88
3.0,short,rr_3,aggressive,13,4,9,30.77,-5573.85,-55.74,84.85,-0.94,-2.232,0.74,-428.76,4014.5,2403.54,4156.44
3.0,short,rr_3,degen,13,4,9,30.77,-8388.87,-83.89,96.52,-0.94,-2.232,0.74,-645.3,5887.19,3548.62,1232.45
3.0,both,fixed_10,conservative,34,9,25,26.47,-3225.27,-32.25,52.98,-2.466,-12.441,0.65,-94.86,676.32,372.49,6614.04
3.0,both,fixed_10,moderate,34,9,25,26.47,-5099.15,-50.99,72.82,-2.466,-12.441,0.62,-149.98,923.93,536.58,4674.43
3.0,both,fixed_10,aggressive,34,9,25,26.47,-8164.33,-81.64,94.15,-2.466,-12.441,0.56,-240.13,1174.2,749.29,1533.95
3.0,both,fixed_10,degen,34,9,25,26.47,-9325.98,-93.26,99.03,-2.466,-12.441,0.55,-274.29,1258.96,826.26,349.42
3.0,both,fixed_12,conservative,34,8,26,23.53,-3424.93,-34.25,51.41,-2.408,-13.008,0.67,-100.73,851.0,393.57,6406.54
3.0,both,fixed_12,moderate,34,8,26,23.53,-5371.94,-53.72,71.74,-2.408,-13.008,0.64,-158.0,1205.28,577.47,4384.83
3.0,both,fixed_12,aggressive,34,8,26,23.53,-8375.22,-83.75,94.11,-2.408,-13.008,0.61,-246.33,1638.88,826.39,1288.37
3.0,both,fixed_12,degen,34,8,26,23.53,-9380.74,-93.81,99.12,-2.408,-13.008,0.61,-275.9,1807.49,916.95,253.23
3.0,both,fixed_15,conservative,31,7,24,22.58,-3775.3,-37.75,57.73,-2.093,-4.338,0.68,-121.78,1121.39,484.38,6055.71
3.0,both,fixed_15,moderate,31,7,24,22.58,-6004.57,-60.05,78.82,-2.093,-4.338,0.66,-193.7,1656.84,733.44,3738.49
3.0,both,fixed_15,aggressive,31,7,24,22.58,-9158.1,-91.58,98.34,-2.093,-4.338,0.65,-295.42,2446.72,1095.22,452.18
3.0,both,fixed_15,degen,27,5,22,18.52,-9719.78,-97.2,100.82,-3.046,-6.077,0.67,-359.99,3956.56,1341.03,-161.89
3.0,both,fixed_20,conservative,25,3,22,12.0,-5110.61,-51.11,64.82,-4.249,-8.865,0.54,-204.42,1994.78,504.32,4745.52
3.0,both,fixed_20,moderate,25,3,22,12.0,-7254.1,-72.54,83.58,-4.249,-8.865,0.58,-290.16,3273.89,776.17,2518.25
3.0,both,fixed_20,aggressive,25,3,22,12.0,-9400.92,-94.01,98.76,-4.249,-8.865,0.66,-376.04,5950.14,1238.7,217.23
3.0,both,fixed_20,degen,23,3,20,13.04,-9659.22,-96.59,100.6,-3.771,-7.818,0.7,-419.97,7630.53,1627.54,-124.55
3.0,both,time_20,conservative,33,12,21,36.36,-1846.41,-18.46,42.14,-1.109,-4.967,0.79,-55.95,576.09,417.12,7972.71
3.0,both,time_20,moderate,33,12,21,36.36,-3300.96,-33.01,61.42,-1.109,-4.967,0.76,-100.03,870.27,654.49,6422.99
3.0,both,time_20,aggressive,33,12,21,36.36,-6559.7,-65.6,87.99,-1.109,-4.967,0.7,-198.78,1301.53,1056.1,3023.61
3.0,both,time_20,degen,33,12,21,36.36,-8497.01,-84.97,97.04,-1.109,-4.967,0.67,-257.49,1422.31,1217.37,1049.35
3.0,both,time_30,conservative,30,11,19,36.67,605.16,6.05,46.51,0.957,7.353,1.06,20.17,935.05,509.49,10400.02
3.0,both,time_30,moderate,30,11,19,36.67,-9.67,-0.1,65.56,0.957,7.353,1.0,-0.32,1538.74,891.36,9640.61
3.0,both,time_30,aggressive,30,11,19,36.67,-3235.95,-32.36,89.59,0.957,7.353,0.9,-107.87,2773.68,1776.13,6111.48
3.0,both,time_30,degen,30,11,19,36.67,-6374.82,-63.75,97.33,0.957,7.353,0.86,-212.49,3593.12,2415.74,2792.85
3.0,both,time_40,conservative,29,8,21,27.59,-57.92,-0.58,46.6,0.637,4.371,0.99,-2.0,1143.51,438.38,9755.46
3.0,both,time_40,moderate,29,8,21,27.59,-1093.57,-10.94,65.32,0.637,4.371,0.93,-37.71,1800.42,737.95,8603.27
3.0,both,time_40,aggressive,29,8,21,27.59,-4723.81,-47.24,89.38,0.637,4.371,0.83,-162.89,2901.13,1330.14,4779.57
3.0,both,time_40,degen,29,8,21,27.59,-7521.01,-75.21,97.31,0.637,4.371,0.78,-259.35,3394.34,1651.23,1920.63
3.0,both,rr_2,conservative,31,8,23,25.81,-5302.93,-53.03,67.94,-4.295,-6.945,0.49,-171.06,645.89,455.22,4554.82
3.0,both,rr_2,moderate,31,8,23,25.81,-7460.52,-74.61,86.7,-4.295,-6.945,0.49,-240.66,895.02,635.68,2339.8
3.0,both,rr_2,aggressive,31,8,23,25.81,-9554.19,-95.54,99.4,-4.295,-6.945,0.51,-308.2,1265.56,855.59,169.2
3.0,both,rr_2,degen,27,5,22,18.52,-9698.07,-96.98,100.11,-6.135,-9.607,0.56,-359.19,2436.74,994.63,-17.37
3.0,both,rr_3,conservative,26,4,22,15.38,-5356.57,-53.57,65.71,-4.263,-8.095,0.55,-206.02,1619.36,537.91,4500.61
3.0,both,rr_3,moderate,26,4,22,15.38,-7519.05,-75.19,84.49,-4.263,-8.095,0.58,-289.19,2587.73,812.27,2261.71
3.0,both,rr_3,aggressive,26,4,22,15.38,-9502.31,-95.02,99.18,-4.263,-8.095,0.65,-365.47,4442.56,1239.66,150.88
3.0,both,rr_3,degen,24,4,20,16.67,-9623.34,-96.23,100.19,-3.817,-7.206,0.7,-400.97,5565.23,1594.21,-42.14
4.0,long,fixed_10,conservative,14,6,8,42.86,528.5,5.29,33.9,1.365,6.411,1.11,37.75,913.5,619.06,10446.19
4.0,long,fixed_10,moderate,14,6,8,42.86,387.97,3.88,51.07,1.365,6.411,1.05,27.71,1432.16,1025.62,10254.45
4.0,long,fixed_10,aggressive,14,6,8,42.86,-1461.67,-14.62,79.12,1.365,6.411,0.91,-104.41,2367.2,1958.11,8296.16
4.0,long,fixed_10,degen,14,6,8,42.86,-4464.5,-44.64,92.51,1.365,6.411,0.8,-318.89,2910.25,2740.75,5209.92
4.0,long,fixed_12,conservative,14,5,9,35.71,-155.89,-1.56,32.69,0.46,2.496,0.97,-11.14,1120.74,639.96,9759.08
4.0,long,fixed_12,moderate,14,5,9,35.71,-769.98,-7.7,49.67,0.46,2.496,0.92,-55.0,1779.58,1074.21,9089.67
4.0,long,fixed_12,aggressive,14,5,9,35.71,-3421.37,-34.21,78.54,0.46,2.496,0.82,-244.38,3062.74,2081.67,6315.44
4.0,long,fixed_12,degen,14,5,9,35.71,-6323.04,-63.23,92.77,0.46,2.496,0.76,-451.65,3982.83,2915.24,3314.27
4.0,long,fixed_15,conservative,12,4,8,33.33,-1615.31,-16.15,46.57,-0.933,-1.753,0.78,-134.61,1401.89,902.86,8308.46
4.0,long,fixed_15,moderate,12,4,8,33.33,-3331.23,-33.31,67.79,-0.933,-1.753,0.73,-277.6,2227.71,1530.26,6539.23
4.0,long,fixed_15,aggressive,12,4,8,33.33,-8136.96,-81.37,95.64,-0.933,-1.753,0.66,-678.08,3947.93,2991.09,1601.06
4.0,long,fixed_15,degen,11,3,8,27.27,-10548.17,-105.48,103.13,-2.873,-5.204,0.68,-958.92,7630.89,4180.11,-940.91
4.0,long,fixed_20,conservative,11,2,9,18.18,-3309.94,-33.1,50.48,-3.789,-7.311,0.52,-300.9,1828.05,774.0,6625.1
4.0,long,fixed_20,moderate,11,2,9,18.18,-5385.77,-53.86,71.61,-3.789,-7.311,0.52,-489.62,2865.19,1235.13,4509.3
4.0,long,fixed_20,aggressive,11,2,9,18.18,-9029.55,-90.3,96.6,-3.789,-7.311,0.52,-820.87,4845.5,2080.06,783.75
4.0,long,fixed_20,degen,10,2,8,20.0,-10503.0,-105.03,102.37,-3.424,-6.658,0.54,-1050.3,6200.76,2863.06,-750.74
4.0,long,time_20,conservative,13,5,8,38.46,-1100.64,-11.01,39.07,-1.557,-6.636,0.74,-84.66,618.73,524.29,8824.76
4.0,long,time_20,moderate,13,5,8,38.46,-2013.49,-20.13,56.62,-1.557,-6.636,0.71,-154.88,979.38,863.8,7867.5
4.0,long,time_20,aggressive,13,5,8,38.46,-4483.35,-44.83,82.29,-1.557,-6.636,0.66,-344.87,1703.44,1625.07,5309.43
4.0,long,time_20,degen,13,5,8,38.46,-6678.77,-66.79,93.41,-1.557,-6.636,0.63,-513.75,2238.1,2233.66,3055.28
4.0,long,time_30,conservative,13,5,8,38.46,1670.96,16.71,32.13,2.296,18.758,1.28,128.54,1518.44,740.16,11582.04
4.0,long,time_30,moderate,13,5,8,38.46,1802.99,18.03,49.01,2.296,18.758,1.17,138.69,2465.5,1315.57,11650.64
4.0,long,time_30,aggressive,13,5,8,38.46,-385.18,-3.85,77.57,2.296,18.758,0.98,-29.63,4325.23,2751.42,9323.11
4.0,long,time_30,degen,13,5,8,38.46,-4087.17,-40.87,91.77,2.296,18.758,0.87,-314.4,5528.07,3965.94,5523.29
4.0,long,time_40,conservative,11,4,7,36.36,2000.42,20.0,36.65,2.745,19.427,1.4,181.86,1744.68,711.18,11922.39
4.0,long,time_40,moderate,11,4,7,36.36,2426.2,24.26,52.94,2.745,19.427,1.27,220.56,2881.95,1300.23,12289.2
4.0,long,time_40,aggressive,11,4,7,36.36,1010.74,10.11,78.7,2.745,19.427,1.05,91.89,5335.48,2904.45,10731.52
4.0,long,time_40,degen,11,4,7,36.36,-2350.25,-23.5,91.54,2.745,19.427,0.92,-213.66,7158.92,4426.56,7255.23
4.0,long,rr_2,conservative,12,4,8,33.33,-2542.38,-25.42,47.01,-2.676,-4.465,0.62,-211.87,1049.35,842.48,7385.7
4.0,long,rr_2,moderate,12,4,8,33.33,-4433.21,-44.33,68.17,-2.676,-4.465,0.6,-369.43,1642.61,1375.45,5448.31
4.0,long,rr_2,aggressive,12,4,8,33.33,-8600.53,-86.01,95.71,-2.676,-4.465,0.57,-716.71,2854.78,2502.46,1173.28
4.0,long,rr_2,degen,11,3,8,27.27,-10399.89,-104.0,103.0,-4.32,-7.105,0.61,-945.44,5405.42,3327.02,-726.13
4.0,long,rr_3,conservative,12,3,9,25.0,-2403.19,-24.03,44.8,-1.908,-3.834,0.7,-200.27,1866.54,889.2,7516.92
4.0,long,rr_3,moderate,12,3,9,25.0,-4348.44,-43.48,66.24,-1.908,-3.834,0.68,-362.37,3145.56,1531.68,5512.67
4.0,long,rr_3,aggressive,12,3,9,25.0,-8585.03,-85.85,95.35,-1.908,-3.834,0.69,-715.42,6293.9,3051.86,1123.84
4.0,long,rr_3,degen,11,3,8,27.27,-10778.94,-107.79,103.62,-1.509,-3.044,0.72,-979.9,9348.79,4853.16,-1223.25
4.0,short,fixed_10,conservative,6,4,2,66.67,2234.51,22.35,13.54,8.467,55.324,2.59,372.42,909.04,700.82,12192.31
4.0,short,fixed_10,moderate,6,4,2,66.67,3745.68,37.46,21.79,8.467,55.324,2.37,624.28,1617.68,1362.52,13667.97
4.0,short,fixed_10,aggressive,6,4,2,66.67,7380.72,73.81,39.99,8.467,55.324,1.96,1230.12,3768.35,3846.34,17185.58
4.0,short,fixed_10,degen,6,4,2,66.67,10398.64,103.99,55.1,8.467,55.324,1.67,1733.11,6481.85,7764.39,20041.66
4.0,short,fixed_12,conservative,6,4,2,66.67,2915.79,29.16,13.54,9.522,70.499,2.97,485.97,1098.89,739.89,12871.96
4.0,short,fixed_12,moderate,6,4,2,66.67,4962.06,49.62,21.79,9.522,70.499,2.67,827.01,1982.16,1483.29,14879.45
4.0,short,fixed_12,aggressive,6,4,2,66.67,10135.01,101.35,39.99,9.522,70.499,2.14,1689.17,4762.57,4457.64,19916.86
4.0,short,fixed_12,degen,6,4,2,66.67,14785.39,147.85,55.1,9.522,70.499,1.78,2464.23,8416.87,9441.05,24369.5
4.0,short,fixed_15,conservative,5,4,1,80.0,4954.4,49.54,10.55,17.476,0.0,8.45,990.88,1404.79,664.77,14915.91
4.0,short,fixed_15,moderate,5,4,1,80.0,8966.99,89.67,16.66,17.476,0.0,7.33,1793.4,2596.15,1417.63,18891.84
4.0,short,fixed_15,aggressive,5,4,1,80.0,21610.88,216.11,29.46,17.476,0.0,5.44,4322.18,6618.93,4864.86,31393.91
4.0,short,fixed_15,degen,5,4,1,80.0,38002.09,380.02,39.6,17.476,0.0,4.3,7600.42,12382.88,11529.43,47550.42
4.0,short,fixed_20,conservative,5,3,2,60.0,1860.59,18.61,31.94,5.017,11.721,1.65,372.12,1580.97,1441.16,11824.77
4.0,short,fixed_20,moderate,5,3,2,60.0,2587.51,25.88,47.85,5.017,11.721,1.45,517.5,2787.67,2887.75,12521.92
4.0,short,fixed_20,aggressive,5,3,2,60.0,1877.58,18.78,75.65,5.017,11.721,1.11,375.52,6249.27,8435.11,11723.66
4.0,short,fixed_20,degen,5,3,2,60.0,-3460.06,-34.6,92.68,5.017,11.721,0.9,-692.01,10165.86,16978.82,6295.01
4.0,short,time_20,conservative,6,3,3,50.0,826.14,8.26,17.85,3.674,12.652,1.57,137.69,758.41,483.03,10786.88
4.0,short,time_20,moderate,6,3,3,50.0,1257.76,12.58,27.55,3.674,12.652,1.48,209.63,1292.09,872.84,11188.81
4.0,short,time_20,aggressive,6,3,3,50.0,1884.59,18.85,46.85,3.674,12.652,1.3,314.1,2707.62,2079.42,11729.96
4.0,short,time_20,degen,6,3,3,50.0,1834.56,18.35,61.37,3.674,12.652,1.17,305.76,4213.06,3601.54,11579.53
4.0,short,time_30,conservative,5,4,1,80.0,2812.97,28.13,11.48,13.228,0.0,5.94,562.59,845.62,569.51,12778.43
4.0,short,time_30,moderate,5,4,1,80.0,4877.76,48.78,17.76,13.228,0.0,5.39,975.55,1497.36,1111.68,14814.71
4.0,short,time_30,aggressive,5,4,1,80.0,10653.54,106.54,30.42,13.228,0.0,4.35,2130.71,3457.46,3176.29,20497.24
4.0,short,time_30,degen,5,4,1,80.0,17170.34,171.7,40.34,13.228,0.0,3.63,3434.07,5922.25,6518.66,26884.68
4.0,short,time_40,conservative,5,4,1,80.0,4219.08,42.19,11.18,14.73,0.0,7.68,843.82,1212.78,632.06,14181.79
4.0,short,time_40,moderate,5,4,1,80.0,7500.49,75.0,17.33,14.73,0.0,6.73,1500.1,2202.09,1307.87,17429.14
4.0,short,time_40,aggressive,5,4,1,80.0,17357.19,173.57,29.78,14.73,0.0,5.12,3471.44,5391.52,4208.87,27160.7
4.0,short,time_40,degen,5,4,1,80.0,29468.59,294.69,39.6,14.73,0.0,4.11,5893.72,9735.82,9474.7,39076.15
4.0,short,rr_2,conservative,5,3,2,60.0,-112.09,-1.12,31.94,0.442,0.718,0.95,-22.42,763.48,1201.27,9856.48
4.0,short,rr_2,moderate,5,3,2,60.0,-483.02,-4.83,47.85,0.442,0.718,0.89,-96.6,1293.94,2182.42,9463.44
4.0,short,rr_2,aggressive,5,3,2,60.0,-2564.11,-25.64,75.65,0.442,0.718,0.76,-512.82,2659.6,5271.46,7326.62
4.0,short,rr_2,degen,5,3,2,60.0,-6414.36,-64.14,92.68,0.442,0.718,0.65,-1282.87,4023.89,9243.01,3426.91
4.0,short,rr_3,conservative,5,3,2,60.0,774.69,7.75,31.94,2.986,5.789,1.3,154.94,1130.97,1309.1,10741.27
4.0,short,rr_3,moderate,5,3,2,60.0,878.65,8.79,47.85,2.986,5.789,1.18,175.73,1956.35,2495.2,10819.71
4.0,short,rr_3,aggressive,5,3,2,60.0,-646.19,-6.46,75.65,2.986,5.789,0.95,-129.24,4209.48,6637.32,9224.97
4.0,short,rr_3,degen,5,3,2,60.0,-5163.0,-51.63,92.68,2.986,5.789,0.79,-1032.6,6624.09,12517.63,4641.0
4.0,both,fixed_10,conservative,19,9,10,47.37,1724.08,17.24,28.94,2.345,11.261,1.27,90.74,894.89,632.99,11606.84
4.0,both,fixed_10,moderate,19,9,10,47.37,2253.66,22.54,45.51,2.345,11.261,1.21,118.61,1437.63,1068.5,12059.84
4.0,both,fixed_10,aggressive,19,9,10,47.37,1116.39,11.16,75.63,2.345,11.261,1.05,58.76,2409.3,2056.73,10765.47
4.0,both,fixed_10,degen,19,9,10,47.37,-2535.9,-25.36,91.36,2.345,11.261,0.91,-133.47,2784.42,2759.57,7024.0
4.0,both,fixed_12,conservative,19,8,11,42.11,1366.03,13.66,26.01,1.922,10.673,1.18,71.9,1096.26,673.1,11242.71
4.0,both,fixed_12,moderate,19,8,11,42.11,1522.07,15.22,40.69,1.922,10.673,1.12,80.11,1796.9,1168.46,11312.69
4.0,both,fixed_12,aggressive,19,8,11,42.11,-560.56,-5.61,72.38,1.922,10.673,0.98,-29.5,3151.9,2343.25,9041.98
4.0,both,fixed_12,degen,19,8,11,42.11,-4397.64,-43.98,90.49,1.922,10.673,0.87,-231.45,3809.08,3170.02,5090.38
4.0,both,fixed_15,conservative,16,7,9,43.75,912.98,9.13,39.35,1.689,3.195,1.1,57.06,1393.78,982.61,10801.11
4.0,both,fixed_15,moderate,16,7,9,43.75,116.16,1.16,59.21,1.689,3.195,1.01,7.26,2322.15,1793.21,9917.9
4.0,both,fixed_15,aggressive,16,7,9,43.75,-6217.92,-62.18,92.05,1.689,3.195,0.82,-388.62,4159.93,3926.38,3370.64
4.0,both,fixed_15,degen,14,5,9,35.71,-11618.48,-116.18,107.32,0.177,0.342,0.77,-829.89,7604.39,5515.6,-2205.21
4.0,both,fixed_20,conservative,14,4,10,28.57,-1913.74,-19.14,55.6,-0.642,-1.38,0.83,-136.7,2273.07,1100.6,7984.1
4.0,both,fixed_20,moderate,14,4,10,28.57,-3975.08,-39.75,75.99,-0.642,-1.38,0.8,-283.93,4040.88,2013.86,5840.53
4.0,both,fixed_20,aggressive,14,4,10,28.57,-8611.36,-86.11,97.54,-0.642,-1.38,0.8,-615.1,8682.34,4334.07,994.33
4.0,both,fixed_20,degen,13,4,9,30.77,-9983.92,-99.84,101.09,-0.296,-0.64,0.83,-767.99,12473.45,6653.08,-542.01
4.0,both,time_20,conservative,18,8,10,44.44,-40.66,-0.41,34.23,0.476,1.965,0.99,-2.26,690.58,556.53,9846.33
4.0,both,time_20,moderate,18,8,10,44.44,-490.3,-4.9,51.34,0.476,1.965,0.95,-27.24,1134.74,956.82,9320.22
4.0,both,time_20,aggressive,18,8,10,44.44,-2627.62,-26.28,78.97,0.476,1.965,0.86,-145.98,2089.88,1934.66,7011.9
4.0,both,time_20,degen,18,8,10,44.44,-5261.83,-52.62,92.13,0.476,1.965,0.81,-292.32,2754.66,2729.91,4257.8
4.0,both,time_30,conservative,16,8,8,50.0,5808.34,58.08,25.54,4.496,42.123,1.95,363.02,1492.2,766.16,15678.81
4.0,both,time_30,moderate,16,8,8,50.0,9366.2,93.66,39.51,4.496,42.123,1.79,585.39,2645.28,1474.5,19121.06
4.0,both,time_30,aggressive,16,8,8,50.0,14886.03,148.86,65.64,4.496,42.123,1.52,930.38,5460.61,3599.86,24319.04
4.0,both,time_30,degen,16,8,8,50.0,13685.72,136.86,82.06,4.496,42.123,1.3,855.36,7321.97,5611.26,22867.22
4.0,both,time_40,conservative,14,7,7,50.0,7142.36,71.42,27.45,5.409,46.557,2.38,510.17,1757.87,737.54,17019.97
4.0,both,time_40,moderate,14,7,7,50.0,12107.71,121.08,40.27,5.409,46.557,2.16,864.84,3214.5,1484.83,21864.63
4.0,both,time_40,aggressive,14,7,7,50.0,22588.33,225.88,63.29,5.409,46.557,1.8,1613.45,7259.92,4033.01,31955.73
4.0,both,time_40,degen,14,7,7,50.0,26575.34,265.75,78.43,5.409,46.557,1.55,1898.24,10743.17,6946.69,35548.96
4.0,both,rr_2,conservative,16,6,10,37.5,-3258.07,-32.58,54.81,-2.831,-4.63,0.62,-203.63,887.06,858.04,6650.27
4.0,both,rr_2,moderate,16,6,10,37.5,-5400.41,-54.0,75.37,-2.831,-4.63,0.61,-337.53,1383.16,1369.94,4453.46
4.0,both,rr_2,aggressive,16,6,10,37.5,-9088.31,-90.88,97.85,-2.831,-4.63,0.61,-568.02,2388.85,2342.14,653.46
4.0,both,rr_2,degen,14,4,10,28.57,-9793.21,-97.93,100.6,-4.64,-7.662,0.67,-699.52,4904.04,2940.94,-144.59
4.0,both,rr_3,conservative,15,4,11,26.67,-3067.91,-30.68,55.6,-2.106,-4.211,0.71,-204.53,1836.9,946.86,6831.93
4.0,both,rr_3,moderate,15,4,11,26.67,-5268.55,-52.69,75.99,-2.106,-4.211,0.71,-351.24,3152.42,1625.29,4558.68
4.0,both,rr_3,aggressive,15,4,11,26.67,-9022.51,-90.23,97.54,-2.106,-4.211,0.74,-601.5,6363.76,3134.32,630.79
4.0,both,rr_3,degen,14,4,10,28.57,-9787.27,-97.87,100.84,-1.797,-3.616,0.79,-699.09,9053.8,4600.25,-283.07
5.0,long,fixed_10,conservative,8,5,3,62.5,2772.0,27.72,19.99,6.682,39.13,2.28,346.5,988.35,723.24,12723.07
5.0,long,fixed_10,moderate,8,5,3,62.5,4543.81,45.44,31.75,6.682,39.13,2.25,567.98,1638.63,1216.44,14462.06
5.0,long,fixed_10,aggressive,8,5,3,62.5,8038.53,80.39,56.08,6.682,39.13,2.09,1004.82,3077.14,2449.06,17879.78
5.0,long,fixed_10,degen,8,5,3,62.5,9101.71,91.02,73.97,6.682,39.13,1.84,1137.71,3996.28,3626.57,18882.28
5.0,long,fixed_12,conservative,8,4,4,50.0,1722.86,17.23,19.99,4.141,30.791,1.59,215.36,1158.51,727.79,11673.62
5.0,long,fixed_12,moderate,8,4,4,50.0,2544.54,25.45,31.75,4.141,30.791,1.51,318.07,1880.26,1244.13,12462.2
5.0,long,fixed_12,aggressive,8,4,4,50.0,3117.99,31.18,56.08,4.141,30.791,1.31,389.75,3328.53,2549.03,12958.97
5.0,long,fixed_12,degen,8,4,4,50.0,1472.85,14.73,73.97,4.141,30.791,1.1,184.11,4088.96,3720.75,11255.04
5.0,long,fixed_15,conservative,7,3,4,42.86,-901.8,-9.02,34.49,-0.304,-0.555,0.82,-128.83,1332.54,1224.86,9056.22
5.0,long,fixed_15,moderate,7,3,4,42.86,-2247.82,-22.48,53.21,-0.304,-0.555,0.73,-321.12,2024.01,2079.96,7683.24
5.0,long,fixed_15,aggressive,7,3,4,42.86,-7463.91,-74.64,90.23,-0.304,-0.555,0.55,-1066.27,2981.16,4101.85,2407.89
5.0,long,fixed_15,degen,6,2,4,33.33,-11800.35,-118.0,111.41,-3.161,-5.625,0.48,-1966.72,5362.89,5631.53,-1980.45
5.0,long,fixed_20,conservative,6,1,5,16.67,-3047.96,-30.48,38.08,-6.071,-10.377,0.34,-507.99,1595.17,928.63,6920.03
5.0,long,fixed_20,moderate,6,1,5,16.67,-4985.04,-49.85,58.47,-6.071,-10.377,0.31,-830.84,2283.16,1453.64,4966.16
5.0,long,fixed_20,aggressive,6,1,5,16.67,-8863.61,-88.64,92.37,-6.071,-10.377,0.25,-1477.27,2995.7,2371.86,1060.26
5.0,long,fixed_20,degen,5,1,4,20.0,-11289.52,-112.9,108.64,-5.676,-10.195,0.19,-2257.9,2728.8,3504.58,-1381.36
5.0,long,time_20,conservative,7,4,3,57.14,49.13,0.49,23.82,0.62,1.832,1.04,7.02,346.96,446.24,10010.05
5.0,long,time_20,moderate,7,4,3,57.14,3.72,0.04,36.54,0.62,1.832,1.0,0.53,541.91,721.3,9941.84
5.0,long,time_20,aggressive,7,4,3,57.14,-386.27,-3.86,60.31,0.62,1.832,0.9,-55.18,904.1,1334.22,9506.02
5.0,long,time_20,degen,7,4,3,57.14,-1158.6,-11.59,75.92,0.62,1.832,0.79,-165.51,1095.43,1846.78,8703.16
5.0,long,time_30,conservative,7,4,3,57.14,886.8,8.87,27.93,3.112,15.125,1.46,126.69,699.07,636.49,10847.92
5.0,long,time_30,moderate,7,4,3,57.14,1251.11,12.51,42.25,3.112,15.125,1.41,178.73,1072.61,1013.12,11190.01
5.0,long,time_30,aggressive,7,4,3,57.14,1265.31,12.65,67.54,3.112,15.125,1.23,180.76,1666.81,1800.65,11162.61
5.0,long,time_30,degen,7,4,3,57.14,-25.29,-0.25,82.77,3.112,15.125,1.0,-3.61,1786.35,2390.23,9850.18
5.0,long,time_40,conservative,7,3,4,42.86,-319.8,-3.2,27.93,-0.505,-1.593,0.85,-45.69,613.57,540.13,9642.78
5.0,long,time_40,moderate,7,3,4,42.86,-704.46,-7.04,42.25,-0.505,-1.593,0.79,-100.64,903.92,854.06,9238.1
5.0,long,time_40,aggressive,7,3,4,42.86,-2154.23,-21.54,67.54,-0.505,-1.593,0.64,-307.75,1266.6,1488.51,7753.74
5.0,long,time_40,degen,7,3,4,42.86,-4061.96,-40.62,82.99,-0.505,-1.593,0.47,-580.28,1221.36,1931.51,5829.62
5.0,long,rr_2,conservative,7,3,4,42.86,-1727.58,-17.28,34.26,-2.249,-3.658,0.63,-246.8,981.15,1167.76,8232.02
5.0,long,rr_2,moderate,7,3,4,42.86,-3309.09,-33.09,53.44,-2.249,-3.658,0.57,-472.73,1472.65,1931.76,6625.93
5.0,long,rr_2,aggressive,7,3,4,42.86,-8013.26,-80.13,90.4,-2.249,-3.658,0.45,-1144.75,2155.45,3619.91,1870.42
5.0,long,rr_2,degen,6,2,4,33.33,-11489.42,-114.89,110.97,-4.702,-7.647,0.4,-1914.9,3842.66,4793.69,-1648.59
5.0,long,rr_3,conservative,7,2,5,28.57,-2019.66,-20.2,35.4,-2.413,-4.521,0.63,-288.52,1697.22,1082.82,7937.66
5.0,long,rr_3,moderate,7,2,5,28.57,-3757.68,-37.58,54.32,-2.413,-4.521,0.59,-536.81,2717.44,1838.51,6171.74
5.0,long,rr_3,aggressive,7,2,5,28.57,-8306.64,-83.07,89.65,-2.413,-4.521,0.54,-1186.66,4782.74,3574.42,1561.12
5.0,long,rr_3,degen,6,2,4,33.33,-12140.86,-121.41,113.22,-1.849,-3.605,0.5,-2023.48,6143.46,6106.94,-2326.92
5.0,short,fixed_10,conservative,2,1,1,50.0,-329.73,-3.3,9.5,-4.918,0.0,0.49,-164.86,319.84,649.57,9658.67
5.0,short,fixed_10,moderate,2,1,1,50.0,-574.48,-5.74,15.51,-4.918,0.0,0.47,-287.24,508.14,1082.62,9406.62
5.0,short,fixed_10,aggressive,2,1,1,50.0,-1273.62,-12.74,29.51,-4.918,0.0,0.41,-636.81,891.62,2165.24,8690.77
5.0,short,fixed_10,degen,2,1,1,50.0,-2097.42,-20.97,42.2,-4.918,0.0,0.35,-1048.71,1150.43,3247.86,7852.44
5.0,short,fixed_12,conservative,2,1,1,50.0,-329.73,-3.3,9.5,-4.918,0.0,0.49,-164.86,319.84,649.57,9658.67
5.0,short,fixed_12,moderate,2,1,1,50.0,-574.48,-5.74,15.51,-4.918,0.0,0.47,-287.24,508.14,1082.62,9406.62
5.0,short,fixed_12,aggressive,2,1,1,50.0,-1273.62,-12.74,29.51,-4.918,0.0,0.41,-636.81,891.62,2165.24,8690.77
5.0,short,fixed_12,degen,2,1,1,50.0,-2097.42,-20.97,42.2,-4.918,0.0,0.35,-1048.71,1150.43,3247.86,7852.44
5.0,short,fixed_15,conservative,2,1,1,50.0,-329.73,-3.3,9.5,-4.918,0.0,0.49,-164.86,319.84,649.57,9658.67
5.0,short,fixed_15,moderate,2,1,1,50.0,-574.48,-5.74,15.51,-4.918,0.0,0.47,-287.24,508.14,1082.62,9406.62
5.0,short,fixed_15,aggressive,2,1,1,50.0,-1273.62,-12.74,29.51,-4.918,0.0,0.41,-636.81,891.62,2165.24,8690.77
5.0,short,fixed_15,degen,2,1,1,50.0,-2097.42,-20.97,42.2,-4.918,0.0,0.35,-1048.71,1150.43,3247.86,7852.44
5.0,short,fixed_20,conservative,2,1,1,50.0,-329.73,-3.3,9.5,-4.918,0.0,0.49,-164.86,319.84,649.57,9658.67
5.0,short,fixed_20,moderate,2,1,1,50.0,-574.48,-5.74,15.51,-4.918,0.0,0.47,-287.24,508.14,1082.62,9406.62
5.0,short,fixed_20,aggressive,2,1,1,50.0,-1273.62,-12.74,29.51,-4.918,0.0,0.41,-636.81,891.62,2165.24,8690.77
5.0,short,fixed_20,degen,2,1,1,50.0,-2097.42,-20.97,42.2,-4.918,0.0,0.35,-1048.71,1150.43,3247.86,7852.44
5.0,short,time_20,conservative,2,1,1,50.0,-329.73,-3.3,9.5,-4.918,0.0,0.49,-164.86,319.84,649.57,9658.67
5.0,short,time_20,moderate,2,1,1,50.0,-574.48,-5.74,15.51,-4.918,0.0,0.47,-287.24,508.14,1082.62,9406.62
5.0,short,time_20,aggressive,2,1,1,50.0,-1273.62,-12.74,29.51,-4.918,0.0,0.41,-636.81,891.62,2165.24,8690.77
5.0,short,time_20,degen,2,1,1,50.0,-2097.42,-20.97,42.2,-4.918,0.0,0.35,-1048.71,1150.43,3247.86,7852.44
5.0,short,time_30,conservative,2,1,1,50.0,-329.73,-3.3,9.5,-4.918,0.0,0.49,-164.86,319.84,649.57,9658.67
5.0,short,time_30,moderate,2,1,1,50.0,-574.48,-5.74,15.51,-4.918,0.0,0.47,-287.24,508.14,1082.62,9406.62
5.0,short,time_30,aggressive,2,1,1,50.0,-1273.62,-12.74,29.51,-4.918,0.0,0.41,-636.81,891.62,2165.24,8690.77
5.0,short,time_30,degen,2,1,1,50.0,-2097.42,-20.97,42.2,-4.918,0.0,0.35,-1048.71,1150.43,3247.86,7852.44
5.0,short,time_40,conservative,2,1,1,50.0,-329.73,-3.3,9.5,-4.918,0.0,0.49,-164.86,319.84,649.57,9658.67
5.0,short,time_40,moderate,2,1,1,50.0,-574.48,-5.74,15.51,-4.918,0.0,0.47,-287.24,508.14,1082.62,9406.62
5.0,short,time_40,aggressive,2,1,1,50.0,-1273.62,-12.74,29.51,-4.918,0.0,0.41,-636.81,891.62,2165.24,8690.77
5.0,short,time_40,degen,2,1,1,50.0,-2097.42,-20.97,42.2,-4.918,0.0,0.35,-1048.71,1150.43,3247.86,7852.44
5.0,short,rr_2,conservative,2,1,1,50.0,-329.73,-3.3,9.5,-4.918,0.0,0.49,-164.86,319.84,649.57,9658.67
5.0,short,rr_2,moderate,2,1,1,50.0,-574.48,-5.74,15.51,-4.918,0.0,0.47,-287.24,508.14,1082.62,9406.62
5.0,short,rr_2,aggressive,2,1,1,50.0,-1273.62,-12.74,29.51,-4.918,0.0,0.41,-636.81,891.62,2165.24,8690.77
5.0,short,rr_2,degen,2,1,1,50.0,-2097.42,-20.97,42.2,-4.918,0.0,0.35,-1048.71,1150.43,3247.86,7852.44
5.0,short,rr_3,conservative,2,1,1,50.0,-329.73,-3.3,9.5,-4.918,0.0,0.49,-164.86,319.84,649.57,9658.67
5.0,short,rr_3,moderate,2,1,1,50.0,-574.48,-5.74,15.51,-4.918,0.0,0.47,-287.24,508.14,1082.62,9406.62
5.0,short,rr_3,aggressive,2,1,1,50.0,-1273.62,-12.74,29.51,-4.918,0.0,0.41,-636.81,891.62,2165.24,8690.77
5.0,short,rr_3,degen,2,1,1,50.0,-2097.42,-20.97,42.2,-4.918,0.0,0.35,-1048.71,1150.43,3247.86,7852.44
5.0,both,fixed_10,conservative,10,6,4,60.0,2349.38,23.49,22.77,4.919,31.465,1.84,234.94,857.5,698.9,12288.8
5.0,both,fixed_10,moderate,10,6,4,60.0,3704.21,37.04,36.25,4.919,31.465,1.8,370.42,1391.98,1161.92,13603.91
5.0,both,fixed_10,aggressive,10,6,4,60.0,5727.26,57.27,63.43,4.919,31.465,1.64,572.73,2457.31,2254.15,15538.9
5.0,both,fixed_10,degen,10,6,4,60.0,5075.36,50.75,81.62,4.919,31.465,1.4,507.54,2971.01,3187.68,14827.19
5.0,both,fixed_12,conservative,10,5,5,50.0,1335.7,13.36,21.37,2.967,23.001,1.38,133.57,969.95,702.81,11275.17
5.0,both,fixed_12,moderate,10,5,5,50.0,1822.42,18.22,34.42,2.967,23.001,1.31,182.24,1544.36,1179.87,11722.72
5.0,both,fixed_12,aggressive,10,5,5,50.0,1445.64,14.46,61.59,2.967,23.001,1.13,144.56,2588.32,2299.19,11262.34
5.0,both,fixed_12,degen,10,5,5,50.0,-925.56,-9.26,80.38,2.967,23.001,0.94,-92.56,3003.23,3188.34,8837.94
5.0,both,fixed_15,conservative,9,4,5,44.44,-1200.25,-12.0,37.58,-0.686,-1.206,0.78,-133.36,1052.72,1082.22,8747.1
5.0,both,fixed_15,moderate,9,4,5,44.44,-2688.13,-26.88,58.03,-0.686,-1.206,0.7,-298.68,1574.13,1796.93,7227.34
5.0,both,fixed_15,aggressive,9,4,5,44.44,-7760.84,-77.61,92.36,-0.686,-1.206,0.54,-862.32,2246.1,3349.05,2092.64
5.0,both,fixed_15,degen,7,2,5,28.57,-11135.35,-111.35,107.67,-4.047,-7.2,0.49,-1590.76,5362.89,4372.23,-1331.29
5.0,both,fixed_20,conservative,7,1,6,14.29,-3496.48,-34.96,42.14,-6.83,-11.654,0.31,-499.5,1595.17,848.61,6466.38
5.0,both,fixed_20,moderate,7,1,6,14.29,-5520.04,-55.2,63.01,-6.83,-11.654,0.29,-788.58,2283.16,1300.53,4423.55
5.0,both,fixed_20,aggressive,7,1,6,14.29,-9084.07,-90.84,94.04,-6.83,-11.654,0.25,-1297.72,2995.7,2013.3,828.57
5.0,both,fixed_20,degen,6,1,5,16.67,-10825.69,-108.26,105.81,-6.489,-11.49,0.2,-1804.28,2728.8,2710.9,-928.57
5.0,both,time_20,conservative,9,5,4,55.56,-282.6,-2.83,28.81,-0.737,-2.232,0.85,-31.4,328.97,481.87,9668.37
5.0,both,time_20,moderate,9,5,4,55.56,-571.85,-5.72,43.48,-0.737,-2.232,0.81,-63.54,501.16,769.42,9351.91
5.0,both,time_20,aggressive,9,5,4,55.56,-1612.3,-16.12,68.98,-0.737,-2.232,0.71,-179.14,777.3,1374.7,8261.46
5.0,both,time_20,degen,9,5,4,55.56,-3012.75,-30.13,83.81,-0.737,-2.232,0.59,-334.75,860.06,1828.26,6834.1
5.0,both,time_30,conservative,9,5,4,55.56,526.95,5.27,28.57,1.825,9.639,1.21,58.55,605.44,625.06,10477.64
5.0,both,time_30,moderate,9,5,4,55.56,602.54,6.03,43.78,1.825,9.639,1.15,66.95,910.15,987.05,10526.02
5.0,both,time_30,aggressive,9,5,4,55.56,-175.42,-1.75,70.97,1.825,9.639,0.97,-19.49,1325.33,1700.52,9701.16
5.0,both,time_30,degen,9,5,4,55.56,-2123.41,-21.23,86.62,1.825,9.639,0.75,-235.93,1302.36,2158.8,7734.79
5.0,both,time_40,conservative,9,4,5,44.44,-639.33,-6.39,31.57,-1.241,-4.107,0.76,-71.04,517.66,541.99,9313.65
5.0,both,time_40,moderate,9,4,5,44.44,-1239.1,-12.39,47.45,-1.241,-4.107,0.71,-137.68,746.38,844.92,8689.93
5.0,both,time_40,aggressive,9,4,5,44.44,-3153.09,-31.53,74.2,-1.241,-4.107,0.55,-350.34,981.2,1415.58,6738.59
5.0,both,time_40,degen,9,4,5,44.44,-5301.43,-53.01,88.57,-1.241,-4.107,0.4,-589.05,873.62,1759.18,4577.67
5.0,both,rr_2,conservative,9,4,5,44.44,-1998.65,-19.99,38.09,-2.414,-3.8,0.61,-222.07,789.39,1031.24,7951.04
5.0,both,rr_2,moderate,9,4,5,44.44,-3688.31,-36.88,58.53,-2.414,-3.8,0.56,-409.81,1162.74,1667.85,6232.75
5.0,both,rr_2,aggressive,9,4,5,44.44,-8242.58,-82.43,92.49,-2.414,-3.8,0.44,-915.84,1632.66,2954.65,1625.54
5.0,both,rr_2,degen,7,2,5,28.57,-10935.86,-109.36,107.38,-5.584,-9.061,0.41,-1562.27,3842.66,3724.24,-1108.21
5.0,both,rr_3,conservative,8,2,6,25.0,-2534.15,-25.34,35.51,-3.211,-6.084,0.57,-316.77,1697.22,988.1,7417.29
5.0,both,rr_3,moderate,8,2,6,25.0,-4422.56,-44.23,56.01,-3.211,-6.084,0.55,-552.82,2717.44,1642.91,5497.41
5.0,both,rr_3,aggressive,8,2,6,25.0,-8631.25,-86.31,91.85,-3.211,-6.084,0.53,-1078.91,4782.74,3032.79,1219.98
5.0,both,rr_3,degen,7,2,5,28.57,-11359.53,-113.6,108.89,-2.734,-5.339,0.52,-1622.79,6143.46,4729.29,-1564.19
6.0,long,fixed_10,conservative,2,2,0,100.0,2048.65,20.49,5.9,5.133786323360658e+16,0.0,99.99,1024.32,1024.32,0.0,12036.06
6.0,long,fixed_10,moderate,2,2,0,100.0,3519.8,35.2,9.83,4.278155269467213e+16,0.0,99.99,1759.9,1759.9,0.0,13498.17
6.0,long,fixed_10,aggressive,2,2,0,100.0,7566.53,75.67,19.66,3.817519510208796e+16,0.0,99.99,3783.26,3783.26,0.0,17520.03
6.0,long,fixed_10,degen,2,2,0,100.0,12140.18,121.4,29.49,3.63573286686552e+16,0.0,99.99,6070.09,6070.09,0.0,22065.58
6.0,long,fixed_12,conservative,2,1,1,50.0,-236.09,-2.36,24.79,-0.564,0.0,0.81,-118.05,1027.31,1263.4,9752.66
6.0,long,fixed_12,moderate,2,1,1,50.0,-559.45,-5.59,38.39,-0.564,0.0,0.73,-279.73,1546.22,2105.67,9422.65
6.0,long,fixed_12,aggressive,2,1,1,50.0,-1948.74,-19.49,64.56,-0.564,0.0,0.54,-974.37,2262.61,4211.35,8019.71
6.0,long,fixed_12,degen,2,1,1,50.0,-4167.85,-41.68,82.38,-0.564,0.0,0.34,-2083.92,2149.18,6317.03,5791.17
6.0,long,fixed_15,conservative,2,0,2,0.0,-3444.21,-34.44,40.09,-48.367,-48.367,0.0,-1722.11,0.0,1722.11,6544.54
6.0,long,fixed_15,moderate,2,0,2,0.0,-5388.04,-53.88,60.18,-48.367,-48.367,0.0,-2694.02,0.0,2694.02,4594.07
6.0,long,fixed_15,aggressive,2,0,2,0.0,-9014.5,-90.14,92.71,-48.367,-48.367,0.0,-4507.25,0.0,4507.25,953.95
6.0,long,fixed_15,degen,2,0,2,0.0,-10879.37,-108.79,106.3,-48.367,-48.367,0.0,-5439.69,0.0,5439.69,-920.35
6.0,long,fixed_20,conservative,2,0,2,0.0,-3444.21,-34.44,40.09,-48.367,-48.367,0.0,-1722.11,0.0,1722.11,6544.54
6.0,long,fixed_20,moderate,2,0,2,0.0,-5388.04,-53.88,60.18,-48.367,-48.367,0.0,-2694.02,0.0,2694.02,4594.07
6.0,long,fixed_20,aggressive,2,0,2,0.0,-9014.5,-90.14,92.71,-48.367,-48.367,0.0,-4507.25,0.0,4507.25,953.95
6.0,long,fixed_20,degen,2,0,2,0.0,-10879.37,-108.79,106.3,-48.367,-48.367,0.0,-5439.69,0.0,5439.69,-920.35
6.0,long,time_20,conservative,2,2,0,100.0,438.05,4.38,13.03,29.583,0.0,99.99,219.02,219.02,0.0,10425.99
6.0,long,time_20,moderate,2,2,0,100.0,733.6,7.34,20.62,29.583,0.0,99.99,366.8,366.8,0.0,10713.43
6.0,long,time_20,aggressive,2,2,0,100.0,1484.79,14.85,36.62,29.583,0.0,99.99,742.39,742.39,0.0,11444.13
6.0,long,time_20,degen,2,2,0,100.0,2253.56,22.54,49.47,29.583,0.0,99.99,1126.78,1126.78,0.0,12192.11
6.0,long,time_30,conservative,2,1,1,50.0,26.4,0.26,16.2,0.967,0.0,1.1,13.2,293.42,267.01,10014.56
6.0,long,time_30,moderate,2,1,1,50.0,34.85,0.35,25.41,0.967,0.0,1.08,17.43,479.88,445.02,10015.3
6.0,long,time_30,aggressive,2,1,1,50.0,23.95,0.24,44.15,0.967,0.0,1.03,11.97,914.0,890.05,9985.75
6.0,long,time_30,degen,2,1,1,50.0,-32.71,-0.33,58.34,0.967,0.0,0.98,-16.35,1302.37,1335.07,9911.36
6.0,long,time_40,conservative,2,1,1,50.0,-249.01,-2.49,14.82,-11.993,0.0,0.14,-124.5,40.14,289.14,9738.97
6.0,long,time_40,moderate,2,1,1,50.0,-416.1,-4.16,23.16,-11.993,0.0,0.14,-208.05,66.9,483.0,9563.83
6.0,long,time_40,aggressive,2,1,1,50.0,-837.67,-8.38,40.09,-11.993,0.0,0.14,-418.84,133.79,971.46,9122.08
6.0,long,time_40,degen,2,1,1,50.0,-1264.71,-12.65,53.0,-11.993,0.0,0.14,-632.35,200.69,1465.39,8674.75
6.0,long,rr_2,conservative,2,0,2,0.0,-3444.21,-34.44,40.09,-48.367,-48.367,0.0,-1722.11,0.0,1722.11,6544.54
6.0,long,rr_2,moderate,2,0,2,0.0,-5388.04,-53.88,60.18,-48.367,-48.367,0.0,-2694.02,0.0,2694.02,4594.07
6.0,long,rr_2,aggressive,2,0,2,0.0,-9014.5,-90.14,92.71,-48.367,-48.367,0.0,-4507.25,0.0,4507.25,953.95
6.0,long,rr_2,degen,2,0,2,0.0,-10879.37,-108.79,106.3,-48.367,-48.367,0.0,-5439.69,0.0,5439.69,-920.35
6.0,long,rr_3,conservative,2,0,2,0.0,-3444.21,-34.44,40.09,-48.367,-48.367,0.0,-1722.11,0.0,1722.11,6544.54
6.0,long,rr_3,moderate,2,0,2,0.0,-5388.04,-53.88,60.18,-48.367,-48.367,0.0,-2694.02,0.0,2694.02,4594.07
6.0,long,rr_3,aggressive,2,0,2,0.0,-9014.5,-90.14,92.71,-48.367,-48.367,0.0,-4507.25,0.0,4507.25,953.95
6.0,long,rr_3,degen,2,0,2,0.0,-10879.37,-108.79,106.3,-48.367,-48.367,0.0,-5439.69,0.0,5439.69,-920.35
6.0,short,fixed_10,conservative,1,0,1,0.0,-649.57,-6.5,9.45,0.0,0.0,0.0,-649.57,0.0,649.57,9344.43
6.0,short,fixed_10,moderate,1,0,1,0.0,-1082.62,-10.83,15.43,0.0,0.0,0.0,-1082.62,0.0,1082.62,8907.39
6.0,short,fixed_10,aggressive,1,0,1,0.0,-2165.24,-21.65,29.37,0.0,0.0,0.0,-2165.24,0.0,2165.24,7814.77
6.0,short,fixed_10,degen,1,0,1,0.0,-3247.86,-32.48,42.03,0.0,0.0,0.0,-3247.86,0.0,3247.86,6722.16
6.0,short,fixed_12,conservative,1,0,1,0.0,-649.57,-6.5,9.45,0.0,0.0,0.0,-649.57,0.0,649.57,9344.43
6.0,short,fixed_12,moderate,1,0,1,0.0,-1082.62,-10.83,15.43,0.0,0.0,0.0,-1082.62,0.0,1082.62,8907.39
6.0,short,fixed_12,aggressive,1,0,1,0.0,-2165.24,-21.65,29.37,0.0,0.0,0.0,-2165.24,0.0,2165.24,7814.77
6.0,short,fixed_12,degen,1,0,1,0.0,-3247.86,-32.48,42.03,0.0,0.0,0.0,-3247.86,0.0,3247.86,6722.16
6.0,short,fixed_15,conservative,1,0,1,0.0,-649.57,-6.5,9.45,0.0,0.0,0.0,-649.57,0.0,649.57,9344.43
6.0,short,fixed_15,moderate,1,0,1,0.0,-1082.62,-10.83,15.43,0.0,0.0,0.0,-1082.62,0.0,1082.62,8907.39
6.0,short,fixed_15,aggressive,1,0,1,0.0,-2165.24,-21.65,29.37,0.0,0.0,0.0,-2165.24,0.0,2165.24,7814.77
6.0,short,fixed_15,degen,1,0,1,0.0,-3247.86,-32.48,42.03,0.0,0.0,0.0,-3247.86,0.0,3247.86,6722.16
6.0,short,fixed_20,conservative,1,0,1,0.0,-649.57,-6.5,9.45,0.0,0.0,0.0,-649.57,0.0,649.57,9344.43
6.0,short,fixed_20,moderate,1,0,1,0.0,-1082.62,-10.83,15.43,0.0,0.0,0.0,-1082.62,0.0,1082.62,8907.39
6.0,short,fixed_20,aggressive,1,0,1,0.0,-2165.24,-21.65,29.37,0.0,0.0,0.0,-2165.24,0.0,2165.24,7814.77
6.0,short,fixed_20,degen,1,0,1,0.0,-3247.86,-32.48,42.03,0.0,0.0,0.0,-3247.86,0.0,3247.86,6722.16
6.0,short,time_20,conservative,1,0,1,0.0,-649.57,-6.5,9.45,0.0,0.0,0.0,-649.57,0.0,649.57,9344.43
6.0,short,time_20,moderate,1,0,1,0.0,-1082.62,-10.83,15.43,0.0,0.0,0.0,-1082.62,0.0,1082.62,8907.39
6.0,short,time_20,aggressive,1,0,1,0.0,-2165.24,-21.65,29.37,0.0,0.0,0.0,-2165.24,0.0,2165.24,7814.77
6.0,short,time_20,degen,1,0,1,0.0,-3247.86,-32.48,42.03,0.0,0.0,0.0,-3247.86,0.0,3247.86,6722.16
6.0,short,time_30,conservative,1,0,1,0.0,-649.57,-6.5,9.45,0.0,0.0,0.0,-649.57,0.0,649.57,9344.43
6.0,short,time_30,moderate,1,0,1,0.0,-1082.62,-10.83,15.43,0.0,0.0,0.0,-1082.62,0.0,1082.62,8907.39
6.0,short,time_30,aggressive,1,0,1,0.0,-2165.24,-21.65,29.37,0.0,0.0,0.0,-2165.24,0.0,2165.24,7814.77
6.0,short,time_30,degen,1,0,1,0.0,-3247.86,-32.48,42.03,0.0,0.0,0.0,-3247.86,0.0,3247.86,6722.16
6.0,short,time_40,conservative,1,0,1,0.0,-649.57,-6.5,9.45,0.0,0.0,0.0,-649.57,0.0,649.57,9344.43
6.0,short,time_40,moderate,1,0,1,0.0,-1082.62,-10.83,15.43,0.0,0.0,0.0,-1082.62,0.0,1082.62,8907.39
6.0,short,time_40,aggressive,1,0,1,0.0,-2165.24,-21.65,29.37,0.0,0.0,0.0,-2165.24,0.0,2165.24,7814.77
6.0,short,time_40,degen,1,0,1,0.0,-3247.86,-32.48,42.03,0.0,0.0,0.0,-3247.86,0.0,3247.86,6722.16
6.0,short,rr_2,conservative,1,0,1,0.0,-649.57,-6.5,9.45,0.0,0.0,0.0,-649.57,0.0,649.57,9344.43
6.0,short,rr_2,moderate,1,0,1,0.0,-1082.62,-10.83,15.43,0.0,0.0,0.0,-1082.62,0.0,1082.62,8907.39
6.0,short,rr_2,aggressive,1,0,1,0.0,-2165.24,-21.65,29.37,0.0,0.0,0.0,-2165.24,0.0,2165.24,7814.77
6.0,short,rr_2,degen,1,0,1,0.0,-3247.86,-32.48,42.03,0.0,0.0,0.0,-3247.86,0.0,3247.86,6722.16
6.0,short,rr_3,conservative,1,0,1,0.0,-649.57,-6.5,9.45,0.0,0.0,0.0,-649.57,0.0,649.57,9344.43
6.0,short,rr_3,moderate,1,0,1,0.0,-1082.62,-10.83,15.43,0.0,0.0,0.0,-1082.62,0.0,1082.62,8907.39
6.0,short,rr_3,aggressive,1,0,1,0.0,-2165.24,-21.65,29.37,0.0,0.0,0.0,-2165.24,0.0,2165.24,7814.77
6.0,short,rr_3,degen,1,0,1,0.0,-3247.86,-32.48,42.03,0.0,0.0,0.0,-3247.86,0.0,3247.86,6722.16
6.0,both,fixed_10,conservative,3,2,1,66.67,1265.75,12.66,14.79,8.993,0.0,2.78,421.92,989.19,712.64,11247.01
6.0,both,fixed_10,moderate,3,2,1,66.67,2055.31,20.55,23.74,8.993,0.0,2.63,685.1,1656.56,1257.8,12023.34
6.0,both,fixed_10,aggressive,3,2,1,66.67,3758.67,37.59,43.25,8.993,0.0,2.31,1252.89,3312.33,2865.98,13691.5
6.0,both,fixed_10,degen,3,2,1,66.67,4937.36,49.37,59.12,8.993,0.0,2.02,1645.79,4880.94,4824.52,14832.83
6.0,both,fixed_12,conservative,3,1,2,33.33,-870.56,-8.71,29.72,-3.763,-12.719,0.52,-290.19,959.96,915.26,9113.31
6.0,both,fixed_12,moderate,3,1,2,33.33,-1581.97,-15.82,45.12,-3.763,-12.719,0.47,-527.32,1377.28,1479.62,8393.12
6.0,both,fixed_12,aggressive,3,1,2,33.33,-3692.22,-36.92,72.3,-3.763,-12.719,0.32,-1230.74,1768.18,2730.2,6267.22
6.0,both,fixed_12,degen,3,1,2,33.33,-6058.74,-60.59,88.15,-3.763,-12.719,0.19,-2019.58,1444.71,3751.73,3892.92
6.0,both,fixed_15,conservative,3,0,3,0.0,-3868.36,-38.68,44.01,-30.38,-30.38,0.0,-1289.45,0.0,1289.45,6115.51
6.0,both,fixed_15,moderate,3,0,3,0.0,-5882.98,-58.83,64.54,-30.38,-30.38,0.0,-1960.99,0.0,1960.99,4092.11
6.0,both,fixed_15,aggressive,3,0,3,0.0,-9213.95,-92.14,94.3,-30.38,-30.38,0.0,-3071.32,0.0,3071.32,745.49
6.0,both,fixed_15,degen,3,0,3,0.0,-10570.34,-105.7,104.23,-30.38,-30.38,0.0,-3523.45,0.0,3523.45,-618.68
6.0,both,fixed_20,conservative,3,0,3,0.0,-3868.36,-38.68,44.01,-30.38,-30.38,0.0,-1289.45,0.0,1289.45,6115.51
6.0,both,fixed_20,moderate,3,0,3,0.0,-5882.98,-58.83,64.54,-30.38,-30.38,0.0,-1960.99,0.0,1960.99,4092.11
6.0,both,fixed_20,aggressive,3,0,3,0.0,-9213.95,-92.14,94.3,-30.38,-30.38,0.0,-3071.32,0.0,3071.32,745.49
6.0,both,fixed_20,degen,3,0,3,0.0,-10570.34,-105.7,104.23,-30.38,-30.38,0.0,-3523.45,0.0,3523.45,-618.68
6.0,both,time_20,conservative,3,2,1,66.67,-239.79,-2.4,18.73,-2.713,0.0,0.63,-79.93,207.97,655.73,9742.49
6.0,both,time_20,moderate,3,2,1,66.67,-427.92,-4.28,29.29,-2.713,0.0,0.61,-142.64,335.9,1099.72,9542.87
6.0,both,time_20,aggressive,3,2,1,66.67,-999.91,-10.0,50.47,-2.713,0.0,0.55,-333.3,616.86,2233.63,8943.33
6.0,both,time_20,degen,3,2,1,66.67,-1721.72,-17.22,66.03,-2.713,0.0,0.49,-573.91,840.01,3401.73,8195.73
6.0,both,time_30,conservative,3,1,2,33.33,-624.67,-6.25,21.7,-8.33,-17.001,0.31,-208.22,274.18,449.43,9358.04
6.0,both,time_30,moderate,3,1,2,33.33,-1050.94,-10.51,33.56,-8.33,-17.001,0.29,-350.31,427.44,739.19,8921.01
6.0,both,time_30,aggressive,3,1,2,33.33,-2143.97,-21.44,56.36,-8.33,-17.001,0.25,-714.66,714.27,1429.12,7803.64
6.0,both,time_30,degen,3,1,2,33.33,-3264.09,-32.64,72.0,-8.33,-17.001,0.21,-1088.03,875.47,2069.78,6662.58
6.0,both,time_40,conservative,3,1,2,33.33,-881.84,-8.82,19.22,-16.858,-26.256,0.04,-293.95,40.14,460.99,9100.51
6.0,both,time_40,moderate,3,1,2,33.33,-1452.11,-14.52,29.99,-16.858,-26.256,0.04,-484.04,66.9,759.5,8518.87
6.0,both,time_40,aggressive,3,1,2,33.33,-2815.26,-28.15,51.44,-16.858,-26.256,0.05,-938.42,133.79,1474.53,7128.7
6.0,both,time_40,degen,3,1,2,33.33,-4087.66,-40.88,67.02,-16.858,-26.256,0.05,-1362.55,200.69,2144.17,5831.31
6.0,both,rr_2,conservative,3,0,3,0.0,-3868.36,-38.68,44.01,-30.38,-30.38,0.0,-1289.45,0.0,1289.45,6115.51
6.0,both,rr_2,moderate,3,0,3,0.0,-5882.98,-58.83,64.54,-30.38,-30.38,0.0,-1960.99,0.0,1960.99,4092.11
6.0,both,rr_2,aggressive,3,0,3,0.0,-9213.95,-92.14,94.3,-30.38,-30.38,0.0,-3071.32,0.0,3071.32,745.49
6.0,both,rr_2,degen,3,0,3,0.0,-10570.34,-105.7,104.23,-30.38,-30.38,0.0,-3523.45,0.0,3523.45,-618.68
6.0,both,rr_3,conservative,3,0,3,0.0,-3868.36,-38.68,44.01,-30.38,-30.38,0.0,-1289.45,0.0,1289.45,6115.51
6.0,both,rr_3,moderate,3,0,3,0.0,-5882.98,-58.83,64.54,-30.38,-30.38,0.0,-1960.99,0.0,1960.99,4092.11
6.0,both,rr_3,aggressive,3,0,3,0.0,-9213.95,-92.14,94.3,-30.38,-30.38,0.0,-3071.32,0.0,3071.32,745.49
6.0,both,rr_3,degen,3,0,3,0.0,-10570.34,-105.7,104.23,-30.38,-30.38,0.0,-3523.45,0.0,3523.45,-618.68
7.0,long,fixed_10,conservative,2,2,0,100.0,2048.65,20.49,5.9,5.133786323360658e+16,0.0,99.99,1024.32,1024.32,0.0,12036.06
7.0,long,fixed_10,moderate,2,2,0,100.0,3519.8,35.2,9.83,4.278155269467213e+16,0.0,99.99,1759.9,1759.9,0.0,13498.17
7.0,long,fixed_10,aggressive,2,2,0,100.0,7566.53,75.67,19.66,3.817519510208796e+16,0.0,99.99,3783.26,3783.26,0.0,17520.03
7.0,long,fixed_10,degen,2,2,0,100.0,12140.18,121.4,29.49,3.63573286686552e+16,0.0,99.99,6070.09,6070.09,0.0,22065.58
7.0,long,fixed_12,conservative,2,1,1,50.0,-236.09,-2.36,24.79,-0.564,0.0,0.81,-118.05,1027.31,1263.4,9752.66
7.0,long,fixed_12,moderate,2,1,1,50.0,-559.45,-5.59,38.39,-0.564,0.0,0.73,-279.73,1546.22,2105.67,9422.65
7.0,long,fixed_12,aggressive,2,1,1,50.0,-1948.74,-19.49,64.56,-0.564,0.0,0.54,-974.37,2262.61,4211.35,8019.71
7.0,long,fixed_12,degen,2,1,1,50.0,-4167.85,-41.68,82.38,-0.564,0.0,0.34,-2083.92,2149.18,6317.03,5791.17
7.0,long,fixed_15,conservative,2,0,2,0.0,-3444.21,-34.44,40.09,-48.367,-48.367,0.0,-1722.11,0.0,1722.11,6544.54
7.0,long,fixed_15,moderate,2,0,2,0.0,-5388.04,-53.88,60.18,-48.367,-48.367,0.0,-2694.02,0.0,2694.02,4594.07
7.0,long,fixed_15,aggressive,2,0,2,0.0,-9014.5,-90.14,92.71,-48.367,-48.367,0.0,-4507.25,0.0,4507.25,953.95
7.0,long,fixed_15,degen,2,0,2,0.0,-10879.37,-108.79,106.3,-48.367,-48.367,0.0,-5439.69,0.0,5439.69,-920.35
7.0,long,fixed_20,conservative,2,0,2,0.0,-3444.21,-34.44,40.09,-48.367,-48.367,0.0,-1722.11,0.0,1722.11,6544.54
7.0,long,fixed_20,moderate,2,0,2,0.0,-5388.04,-53.88,60.18,-48.367,-48.367,0.0,-2694.02,0.0,2694.02,4594.07
7.0,long,fixed_20,aggressive,2,0,2,0.0,-9014.5,-90.14,92.71,-48.367,-48.367,0.0,-4507.25,0.0,4507.25,953.95
7.0,long,fixed_20,degen,2,0,2,0.0,-10879.37,-108.79,106.3,-48.367,-48.367,0.0,-5439.69,0.0,5439.69,-920.35
7.0,long,time_20,conservative,2,2,0,100.0,438.05,4.38,13.03,29.583,0.0,99.99,219.02,219.02,0.0,10425.99
7.0,long,time_20,moderate,2,2,0,100.0,733.6,7.34,20.62,29.583,0.0,99.99,366.8,366.8,0.0,10713.43
7.0,long,time_20,aggressive,2,2,0,100.0,1484.79,14.85,36.62,29.583,0.0,99.99,742.39,742.39,0.0,11444.13
7.0,long,time_20,degen,2,2,0,100.0,2253.56,22.54,49.47,29.583,0.0,99.99,1126.78,1126.78,0.0,12192.11
7.0,long,time_30,conservative,2,1,1,50.0,26.4,0.26,16.2,0.967,0.0,1.1,13.2,293.42,267.01,10014.56
7.0,long,time_30,moderate,2,1,1,50.0,34.85,0.35,25.41,0.967,0.0,1.08,17.43,479.88,445.02,10015.3
7.0,long,time_30,aggressive,2,1,1,50.0,23.95,0.24,44.15,0.967,0.0,1.03,11.97,914.0,890.05,9985.75
7.0,long,time_30,degen,2,1,1,50.0,-32.71,-0.33,58.34,0.967,0.0,0.98,-16.35,1302.37,1335.07,9911.36
7.0,long,time_40,conservative,2,1,1,50.0,-249.01,-2.49,14.82,-11.993,0.0,0.14,-124.5,40.14,289.14,9738.97
7.0,long,time_40,moderate,2,1,1,50.0,-416.1,-4.16,23.16,-11.993,0.0,0.14,-208.05,66.9,483.0,9563.83
7.0,long,time_40,aggressive,2,1,1,50.0,-837.67,-8.38,40.09,-11.993,0.0,0.14,-418.84,133.79,971.46,9122.08
7.0,long,time_40,degen,2,1,1,50.0,-1264.71,-12.65,53.0,-11.993,0.0,0.14,-632.35,200.69,1465.39,8674.75
7.0,long,rr_2,conservative,2,0,2,0.0,-3444.21,-34.44,40.09,-48.367,-48.367,0.0,-1722.11,0.0,1722.11,6544.54
7.0,long,rr_2,moderate,2,0,2,0.0,-5388.04,-53.88,60.18,-48.367,-48.367,0.0,-2694.02,0.0,2694.02,4594.07
7.0,long,rr_2,aggressive,2,0,2,0.0,-9014.5,-90.14,92.71,-48.367,-48.367,0.0,-4507.25,0.0,4507.25,953.95
7.0,long,rr_2,degen,2,0,2,0.0,-10879.37,-108.79,106.3,-48.367,-48.367,0.0,-5439.69,0.0,5439.69,-920.35
7.0,long,rr_3,conservative,2,0,2,0.0,-3444.21,-34.44,40.09,-48.367,-48.367,0.0,-1722.11,0.0,1722.11,6544.54
7.0,long,rr_3,moderate,2,0,2,0.0,-5388.04,-53.88,60.18,-48.367,-48.367,0.0,-2694.02,0.0,2694.02,4594.07
7.0,long,rr_3,aggressive,2,0,2,0.0,-9014.5,-90.14,92.71,-48.367,-48.367,0.0,-4507.25,0.0,4507.25,953.95
7.0,long,rr_3,degen,2,0,2,0.0,-10879.37,-108.79,106.3,-48.367,-48.367,0.0,-5439.69,0.0,5439.69,-920.35
7.0,short,fixed_10,conservative,0,0,0,0.0,0.0,0.0,0.0,0.0,0.0,0.0,0.0,0.0,0.0,10000.0
7.0,short,fixed_10,moderate,0,0,0,0.0,0.0,0.0,0.0,0.0,0.0,0.0,0.0,0.0,0.0,10000.0
7.0,short,fixed_10,aggressive,0,0,0,0.0,0.0,0.0,0.0,0.0,0.0,0.0,0.0,0.0,0.0,10000.0
7.0,short,fixed_10,degen,0,0,0,0.0,0.0,0.0,0.0,0.0,0.0,0.0,0.0,0.0,0.0,10000.0
7.0,short,fixed_12,conservative,0,0,0,0.0,0.0,0.0,0.0,0.0,0.0,0.0,0.0,0.0,0.0,10000.0
7.0,short,fixed_12,moderate,0,0,0,0.0,0.0,0.0,0.0,0.0,0.0,0.0,0.0,0.0,0.0,10000.0
7.0,short,fixed_12,aggressive,0,0,0,0.0,0.0,0.0,0.0,0.0,0.0,0.0,0.0,0.0,0.0,10000.0
7.0,short,fixed_12,degen,0,0,0,0.0,0.0,0.0,0.0,0.0,0.0,0.0,0.0,0.0,0.0,10000.0
7.0,short,fixed_15,conservative,0,0,0,0.0,0.0,0.0,0.0,0.0,0.0,0.0,0.0,0.0,0.0,10000.0
7.0,short,fixed_15,moderate,0,0,0,0.0,0.0,0.0,0.0,0.0,0.0,0.0,0.0,0.0,0.0,10000.0
7.0,short,fixed_15,aggressive,0,0,0,0.0,0.0,0.0,0.0,0.0,0.0,0.0,0.0,0.0,0.0,10000.0
7.0,short,fixed_15,degen,0,0,0,0.0,0.0,0.0,0.0,0.0,0.0,0.0,0.0,0.0,0.0,10000.0
7.0,short,fixed_20,conservative,0,0,0,0.0,0.0,0.0,0.0,0.0,0.0,0.0,0.0,0.0,0.0,10000.0
7.0,short,fixed_20,moderate,0,0,0,0.0,0.0,0.0,0.0,0.0,0.0,0.0,0.0,0.0,0.0,10000.0
7.0,short,fixed_20,aggressive,0,0,0,0.0,0.0,0.0,0.0,0.0,0.0,0.0,0.0,0.0,0.0,10000.0
7.0,short,fixed_20,degen,0,0,0,0.0,0.0,0.0,0.0,0.0,0.0,0.0,0.0,0.0,0.0,10000.0
7.0,short,time_20,conservative,0,0,0,0.0,0.0,0.0,0.0,0.0,0.0,0.0,0.0,0.0,0.0,10000.0
7.0,short,time_20,moderate,0,0,0,0.0,0.0,0.0,0.0,0.0,0.0,0.0,0.0,0.0,0.0,10000.0
7.0,short,time_20,aggressive,0,0,0,0.0,0.0,0.0,0.0,0.0,0.0,0.0,0.0,0.0,0.0,10000.0
7.0,short,time_20,degen,0,0,0,0.0,0.0,0.0,0.0,0.0,0.0,0.0,0.0,0.0,0.0,10000.0
7.0,short,time_30,conservative,0,0,0,0.0,0.0,0.0,0.0,0.0,0.0,0.0,0.0,0.0,0.0,10000.0
7.0,short,time_30,moderate,0,0,0,0.0,0.0,0.0,0.0,0.0,0.0,0.0,0.0,0.0,0.0,10000.0
7.0,short,time_30,aggressive,0,0,0,0.0,0.0,0.0,0.0,0.0,0.0,0.0,0.0,0.0,0.0,10000.0
7.0,short,time_30,degen,0,0,0,0.0,0.0,0.0,0.0,0.0,0.0,0.0,0.0,0.0,0.0,10000.0
7.0,short,time_40,conservative,0,0,0,0.0,0.0,0.0,0.0,0.0,0.0,0.0,0.0,0.0,0.0,10000.0
7.0,short,time_40,moderate,0,0,0,0.0,0.0,0.0,0.0,0.0,0.0,0.0,0.0,0.0,0.0,10000.0
7.0,short,time_40,aggressive,0,0,0,0.0,0.0,0.0,0.0,0.0,0.0,0.0,0.0,0.0,0.0,10000.0
7.0,short,time_40,degen,0,0,0,0.0,0.0,0.0,0.0,0.0,0.0,0.0,0.0,0.0,0.0,10000.0
7.0,short,rr_2,conservative,0,0,0,0.0,0.0,0.0,0.0,0.0,0.0,0.0,0.0,0.0,0.0,10000.0
7.0,short,rr_2,moderate,0,0,0,0.0,0.0,0.0,0.0,0.0,0.0,0.0,0.0,0.0,0.0,10000.0
7.0,short,rr_2,aggressive,0,0,0,0.0,0.0,0.0,0.0,0.0,0.0,0.0,0.0,0.0,0.0,10000.0
7.0,short,rr_2,degen,0,0,0,0.0,0.0,0.0,0.0,0.0,0.0,0.0,0.0,0.0,0.0,10000.0
7.0,short,rr_3,conservative,0,0,0,0.0,0.0,0.0,0.0,0.0,0.0,0.0,0.0,0.0,0.0,10000.0
7.0,short,rr_3,moderate,0,0,0,0.0,0.0,0.0,0.0,0.0,0.0,0.0,0.0,0.0,0.0,10000.0
7.0,short,rr_3,aggressive,0,0,0,0.0,0.0,0.0,0.0,0.0,0.0,0.0,0.0,0.0,0.0,10000.0
7.0,short,rr_3,degen,0,0,0,0.0,0.0,0.0,0.0,0.0,0.0,0.0,0.0,0.0,0.0,10000.0
7.0,both,fixed_10,conservative,2,2,0,100.0,2048.65,20.49,5.9,5.133786323360658e+16,0.0,99.99,1024.32,1024.32,0.0,12036.06
7.0,both,fixed_10,moderate,2,2,0,100.0,3519.8,35.2,9.83,4.278155269467213e+16,0.0,99.99,1759.9,1759.9,0.0,13498.17
7.0,both,fixed_10,aggressive,2,2,0,100.0,7566.53,75.67,19.66,3.817519510208796e+16,0.0,99.99,3783.26,3783.26,0.0,17520.03
7.0,both,fixed_10,degen,2,2,0,100.0,12140.18,121.4,29.49,3.63573286686552e+16,0.0,99.99,6070.09,6070.09,0.0,22065.58
7.0,both,fixed_12,conservative,2,1,1,50.0,-236.09,-2.36,24.79,-0.564,0.0,0.81,-118.05,1027.31,1263.4,9752.66
7.0,both,fixed_12,moderate,2,1,1,50.0,-559.45,-5.59,38.39,-0.564,0.0,0.73,-279.73,1546.22,2105.67,9422.65
7.0,both,fixed_12,aggressive,2,1,1,50.0,-1948.74,-19.49,64.56,-0.564,0.0,0.54,-974.37,2262.61,4211.35,8019.71
7.0,both,fixed_12,degen,2,1,1,50.0,-4167.85,-41.68,82.38,-0.564,0.0,0.34,-2083.92,2149.18,6317.03,5791.17
7.0,both,fixed_15,conservative,2,0,2,0.0,-3444.21,-34.44,40.09,-48.367,-48.367,0.0,-1722.11,0.0,1722.11,6544.54
7.0,both,fixed_15,moderate,2,0,2,0.0,-5388.04,-53.88,60.18,-48.367,-48.367,0.0,-2694.02,0.0,2694.02,4594.07
7.0,both,fixed_15,aggressive,2,0,2,0.0,-9014.5,-90.14,92.71,-48.367,-48.367,0.0,-4507.25,0.0,4507.25,953.95
7.0,both,fixed_15,degen,2,0,2,0.0,-10879.37,-108.79,106.3,-48.367,-48.367,0.0,-5439.69,0.0,5439.69,-920.35
7.0,both,fixed_20,conservative,2,0,2,0.0,-3444.21,-34.44,40.09,-48.367,-48.367,0.0,-1722.11,0.0,1722.11,6544.54
7.0,both,fixed_20,moderate,2,0,2,0.0,-5388.04,-53.88,60.18,-48.367,-48.367,0.0,-2694.02,0.0,2694.02,4594.07
7.0,both,fixed_20,aggressive,2,0,2,0.0,-9014.5,-90.14,92.71,-48.367,-48.367,0.0,-4507.25,0.0,4507.25,953.95
7.0,both,fixed_20,degen,2,0,2,0.0,-10879.37,-108.79,106.3,-48.367,-48.367,0.0,-5439.69,0.0,5439.69,-920.35
7.0,both,time_20,conservative,2,2,0,100.0,438.05,4.38,13.03,29.583,0.0,99.99,219.02,219.02,0.0,10425.99
7.0,both,time_20,moderate,2,2,0,100.0,733.6,7.34,20.62,29.583,0.0,99.99,366.8,366.8,0.0,10713.43
7.0,both,time_20,aggressive,2,2,0,100.0,1484.79,14.85,36.62,29.583,0.0,99.99,742.39,742.39,0.0,11444.13
7.0,both,time_20,degen,2,2,0,100.0,2253.56,22.54,49.47,29.583,0.0,99.99,1126.78,1126.78,0.0,12192.11
7.0,both,time_30,conservative,2,1,1,50.0,26.4,0.26,16.2,0.967,0.0,1.1,13.2,293.42,267.01,10014.56
7.0,both,time_30,moderate,2,1,1,50.0,34.85,0.35,25.41,0.967,0.0,1.08,17.43,479.88,445.02,10015.3
7.0,both,time_30,aggressive,2,1,1,50.0,23.95,0.24,44.15,0.967,0.0,1.03,11.97,914.0,890.05,9985.75
7.0,both,time_30,degen,2,1,1,50.0,-32.71,-0.33,58.34,0.967,0.0,0.98,-16.35,1302.37,1335.07,9911.36
7.0,both,time_40,conservative,2,1,1,50.0,-249.01,-2.49,14.82,-11.993,0.0,0.14,-124.5,40.14,289.14,9738.97
7.0,both,time_40,moderate,2,1,1,50.0,-416.1,-4.16,23.16,-11.993,0.0,0.14,-208.05,66.9,483.0,9563.83
7.0,both,time_40,aggressive,2,1,1,50.0,-837.67,-8.38,40.09,-11.993,0.0,0.14,-418.84,133.79,971.46,9122.08
7.0,both,time_40,degen,2,1,1,50.0,-1264.71,-12.65,53.0,-11.993,0.0,0.14,-632.35,200.69,1465.39,8674.75
7.0,both,rr_2,conservative,2,0,2,0.0,-3444.21,-34.44,40.09,-48.367,-48.367,0.0,-1722.11,0.0,1722.11,6544.54
7.0,both,rr_2,moderate,2,0,2,0.0,-5388.04,-53.88,60.18,-48.367,-48.367,0.0,-2694.02,0.0,2694.02,4594.07
7.0,both,rr_2,aggressive,2,0,2,0.0,-9014.5,-90.14,92.71,-48.367,-48.367,0.0,-4507.25,0.0,4507.25,953.95
7.0,both,rr_2,degen,2,0,2,0.0,-10879.37,-108.79,106.3,-48.367,-48.367,0.0,-5439.69,0.0,5439.69,-920.35
7.0,both,rr_3,conservative,2,0,2,0.0,-3444.21,-34.44,40.09,-48.367,-48.367,0.0,-1722.11,0.0,1722.11,6544.54
7.0,both,rr_3,moderate,2,0,2,0.0,-5388.04,-53.88,60.18,-48.367,-48.367,0.0,-2694.02,0.0,2694.02,4594.07
7.0,both,rr_3,aggressive,2,0,2,0.0,-9014.5,-90.14,92.71,-48.367,-48.367,0.0,-4507.25,0.0,4507.25,953.95
7.0,both,rr_3,degen,2,0,2,0.0,-10879.37,-108.79,106.3,-48.367,-48.367,0.0,-5439.69,0.0,5439.69,-920.35
